ETA,VIN,Year,Model,Hold Status,Pre-Sold,Shipping Status,Total MSRP,Exterior Color,Interior Color,Distance,Dealer,Dealer Website,SmartPath,Options
2023-10-24,JTMAB3FV1PD160846,2023,RAV4 Prime SE,Available,False,At dealer,46414,Midnight Black Metallic,Black Fabric,2150,K-M Toyota,https://www.kmmotors.com,False,50 State Emissions | All-Weather Liner Package[installed_msrp] | Weather & Moonroof Package
2024-06-20,JTMAB3FVXRD207245,2024,RAV4 Prime SE,Available,False,At dealer,48892,Midnight Black Metallic,Black Fabric,1445,Yokem Toyota,https://www.yokemtoyota.com,False,** -Port Installed (AWD) | ** -Port Installed (PRM) | 50 State Emissions | All-Weather Liner Package: | Body Side Molding | Connectivity Kit | Cross Bars for Roof Rail | Door Sill Protectors | Mud Guards | PDS - Pre Delivery Services | Spider Cargo Net | Vehicle Fueling (4 Gal.) | Vehicle Protection Premium Package: | Weather & Moonroof Package
2024-08-12,JTMAB3FV5RD216306,2024,RAV4 Prime SE,DealerHold,False,At dealer,48771,Silver Sky Metallic,Black Fabric,1113,Toyota of Midland,https://www.toyotaofmidland.com,False,** -Port Installed (AWD) | ** -Port Installed (PRM) | 50 State Emissions | All-Weather Liner Package: | AutoInc Prime Protection plus Purigen 98 | Connectivity Kit | Cross Bars for Roof Rail | Door Sill Protectors | Mud Guards | Owner's Portfolio | PDS - with Texas State Inspection | Rear Cargo Organizer | Vehicle Fueling (4 Gal.) | Vehicle Protection Premium Package: | Weather & Moonroof Package
2024-09-02,JTMAB3FV0RD217251,2024,RAV4 Prime SE,DealerHold,False,At dealer,48276,Midnight Black Metallic,Black Fabric,2072,I-95 Toyota of Brunswick,https://www.i95toyota.com,True,50 State Emissions | 6-Gallons of Gas | Carpet Floor Mats with Carpet Cargo Mat | Clear Paint Protection - Door Package | Multimedia Screen Protector | SET Digital Portfolio | TOYOGUARD Platinum | Weather & Moonroof Package -
2024-09-11,JTMEB3FV5RD220017,2024,RAV4 Prime XSE,Available,False,At dealer,51301,Wind Chill Pearl/Midnight Black Metallic Roof [extra_cost_color],Black Mixed Media,1265,Toyota of Fort Worth,https://www.toyotaoffortworth.com,False,** -Port Installed (AWD) | ** -Port Installed (CN) | ** -Port Installed (PRM) | 50 State Emissions | All-Weather Liner Package: | Body Side Molding | Connectivity Kit | Cross Bars for Roof Rail | Door Sill Protectors | Mud Guards | PDS - with Texas State Inspection | Special Color | TFW Protection Package | Vehicle Fueling (4 Gal.) | Vehicle Protection Package
2024-09-14,JTMAB3FV2RD220877,2024,RAV4 Prime SE,Available,False,At dealer,47614,Midnight Black Metallic,Black Fabric,1295,Legacy Toyota of Dallas,https://www.legacytoyotadallas.com,False,** -Port Installed (AWD) | ** -Port Installed (PRM) | 50 State Emissions | Body Side Molding | Connectivity Kit | Premium Carpet Mat Set: | Spider Cargo Net | Vehicle Fueling (4 Gal.) | Weather & Moonroof Package
2024-09-14,JTMAB3FV6RD219778,2024,RAV4 Prime SE,Available,False,At dealer,47948,Midnight Black Metallic,Black Fabric,2189,AutoNation Toyota Winter Park,https://www.autonationtoyotawinterpark.com,True,50 State Emissions | 6-Gallons of Gas | All Weather Floor Mats with All Weather Cargo Mat | Free Lifetime Powertrain Warranty | SET Digital Portfolio | TOYOGUARD Platinum | Weather & Moonroof Package -
2024-09-21,JTMEB3FV2RD222162,2024,RAV4 Prime XSE,Available,False,At dealer,51301,Wind Chill Pearl/Midnight Black Metallic Roof [extra_cost_color],Black Mixed Media,1322,Magness Toyota,https://www.magnesstoyota.com,False,** -Port Installed (AWD) | ** -Port Installed (CN) | ** -Port Installed (PRM) | 50 State Emissions | All-Weather Liner Package: | Body Side Molding | Connectivity Kit | Cross Bars for Roof Rail | Door Sill Protectors | Lemon Law Book | Mud Guards | Owner's Portfolio | PDS - Pre Delivery Services | Special Color | Vehicle Fueling (4 Gal.) | Vehicle Protection Package
2024-09-21,JTMEB3FV4RD221496,2024,RAV4 Prime XSE,Available,False,At dealer,51301,Supersonic Red/Midnight Black Metallic Roof [extra_cost_color],Black Mixed Media,1506,Mike Shaw Toyota,https://www.mikeshawtoyota.com,False,** -Port Installed (AWD) | ** -Port Installed (CN) | ** -Port Installed (PRM) | 50 State Emissions | All-Weather Liner Package: | Body Side Molding | Connectivity Kit | Cross Bars for Roof Rail | Door Sill Protectors | Mud Guards | Owner's Portfolio | PDS - with Texas State Inspection | Special Color | Vehicle Fueling (4 Gal.) | Vehicle Protection Package
2024-09-22,JTMCB3FV0RD222202,2024,RAV4 Prime SE,Available,False,At dealer,46362,Silver Sky Metallic,Black Fabric,2331,Palm Beach Toyota,https://www.palmbeachtoyota.com,True,50 State Emissions | 6-Gallons of Gas | All Weather Floor Mats with All Weather Cargo Mat | Phone Cable Charge Package | SET Digital Portfolio | TOYOGUARD Platinum
2024-09-23,JTMEB3FV0RD221432,2024,RAV4 Prime XSE,Available,False,At dealer,50968,Magnetic Gray Metallic/Midnight Black Metallic Roof,Black Mixed Media,1642,Singing River Toyota,https://www.singingrivertoyota.com,True,50 State Emissions | 6-Gallons of Gas | All Weather Floor Mats with All Weather Cargo Mat | Heated Rear Seats - Rear Outboard | SET Digital Portfolio | TOYOGUARD Platinum | Weather Package - Heated Leather-Trimmed
2024-09-28,JTMAB3FV4RD222596,2024,RAV4 Prime SE,Available,False,At dealer,48858,Supersonic Red [extra_cost_color],Black Fabric,1276,Toyota of Plano,https://www.toyotaofplano.com,False,** -Port Installed (AWD) | ** -Port Installed (PRM) | 50 State Emissions | Body Side Molding | Connectivity Kit | Cross Bars for Roof Rail | Door Sill Protectors | Mud Guards | PDS - with Texas State Inspection | Special Color | Spider Cargo Net | TOP PROTECTION PACK | Vehicle Fueling (4 Gal.) | Vehicle Protection Package | Weather & Moonroof Package
2024-09-28,JTMAB3FV9RD221976,2024,RAV4 Prime SE,Available,False,At dealer,48326,Ice Cap,Black Fabric,2354,Toyota of Hollywood,https://www.toyotaofhollywood.com,False,50 State Emissions | 6-Gallons of Gas | Carpet Floor Mats with Carpet Cargo Mat | Clear Paint Protection - Door Package | Multimedia Screen Protector | SET Digital Portfolio | TOYOGUARD Platinum | Weather & Moonroof Package -
2024-10-07,JTMAB3FV3RD222881,2024,RAV4 Prime SE,Available,False,At dealer,48077,Silver Sky Metallic,Black Fabric,2192,Central Florida Toyota,https://www.centralfloridatoyota.com,True,50 State Emissions | 6-Gallons of Gas | Carpet Floor Mats with Carpet Cargo Mat | Multimedia Screen Protector | SET Digital Portfolio | TOYOGUARD Platinum | Weather & Moonroof Package -
2024-10-08,JTMAB3FVXRD224093,2024,RAV4 Prime SE,Available,False,At dealer,49030,Blueprint,Black Fabric,985,Fox Toyota of El Paso,https://www.foxtoyotaofelpaso.com,False,** -Port Installed (AWD) | ** -Port Installed (PRM) | 50 State Emissions | All-Weather Liner Package: | Body Side Molding | Connectivity Kit | Cross Bars for Roof Rail | Door Sill Protectors | Mud Guards | Owner's Portfolio | PDS - Pre Delivery Services | Rear Cargo Organizer | Vehicle Fueling (4 Gal.) | Vehicle Protection Premium Package: | Weather & Moonroof Package
2024-10-09,JTMAB3FV5RD225457,2024,RAV4 Prime SE,Available,False,At dealer,47627,Midnight Black Metallic,Black Fabric,1774,North Georgia Toyota,https://www.northgeorgiatoyota.com,True,50 State Emissions | 6-Gallons of Gas | All Weather Floor Mats with All Weather Cargo Mat | Clear Paint Protection - Door Package | Multimedia Screen Protector | SET Digital Portfolio | Weather & Moonroof Package -
2024-10-12,JTMCB3FV4RD224860,2024,RAV4 Prime SE,Available,False,At dealer,46283,Ice Cap,Black Fabric,2189,AutoNation Toyota Winter Park,https://www.autonationtoyotawinterpark.com,True,50 State Emissions | 6-Gallons of Gas | All Weather Floor Mats with All Weather Cargo Mat | Free Lifetime Powertrain Warranty | SET Digital Portfolio | TOYOGUARD Platinum
2024-10-14,JTMAB3FV0RD225320,2024,RAV4 Prime SE,Available,False,At dealer,49030,Ice Cap,Black Fabric,1379,Shottenkirk Toyota San Antonio,https://www.shottenkirktoyotasanantonio.com,False,** -Port Installed (AWD) | ** -Port Installed (PRM) | 50 State Emissions | Body Side Molding | Connectivity Kit | Cross Bars for Roof Rail | Door Sill Protectors | Mud Guards | Owner's Portfolio | PDS - Pre Delivery Services | Premium Carpet Mat Set: | Rear Cargo Organizer | Vehicle Fueling (4 Gal.) | Vehicle Protection Premium Package: | Weather & Moonroof Package
2024-10-15,JTMEB3FV0RD226078,2024,RAV4 Prime XSE,Available,False,At dealer,50986,Wind Chill Pearl/Midnight Black Metallic Roof [extra_cost_color],Black Mixed Media,1254,Shottenkirk Toyota Weatherford,https://www.shottenkirktoyotaweatherford.com,False,** -Port Installed (AWD) | ** -Port Installed (CN) | ** -Port Installed (PRM) | 50 State Emissions | All-Weather Liner Package: | Body Side Molding | Connectivity Kit | Door Sill Protectors | Mud Guards | Owner's Portfolio | PDS - with Texas State Inspection | Special Color | Vehicle Fueling (4 Gal.) | Vehicle Protection Package
2024-10-17,JTMEB3FV3RD225023,2024,RAV4 Prime XSE,DealerHold,False,At dealer,50874,Wind Chill Pearl/Midnight Black Metallic Roof [extra_cost_color],Black Mixed Media,327,Gresham Toyota,https://www.greshamtoyota.com,False,50 State Emissions | All-Weather Liner Package[installed_msrp] | Alloy Wheel Locks[installed_msrp] | Door Edge Guards[installed_msrp] | Mudguards[installed_msrp] | Rear Outboard Heated Seating | Special Color | Weather Package
2024-10-18,JTMFB3FV4RD223589,2024,RAV4 Prime XSE,DealerHold,False,At dealer,53218,Magnetic Gray Metallic/Midnight Black Metallic Roof,Black SofTex®&nbsp;[softex],2105,Toyota World of Newton,https://www.newtontoyota.com,True,"50 State Emissions | All-Weather Liner Package[installed_msrp] | Body Side Moldings[installed_msrp] | Door Edge Guards[installed_msrp] | Mudguards[installed_msrp] | Paint Protection Film (Hood, Fenders, Mirror Backs & Door Cups)[installed_msrp] | Premium Package | Weather Package"
2024-10-20,JTMEB3FV9RD223616,2024,RAV4 Prime XSE,Available,False,At dealer,50561,Silver Sky Metallic/Midnight Black Metallic Roof,Black Mixed Media,1480,Don McGill Toyota of Katy,https://www.toyotaofkaty.com,False,** -Port Installed (AWD) | ** -Port Installed (CN) | ** -Port Installed (PRM) | 50 State Emissions | All-Weather Liner Package: | Body Side Molding | Connectivity Kit | Door Sill Protectors | Mud Guards | Owner's Portfolio | Vehicle Fueling (4 Gal.) | Vehicle Protection Package
2024-10-22,JTMCB3FV7RD225128,2024,RAV4 Prime SE,Available,False,At dealer,46283,Midnight Black Metallic,Black Fabric,2189,AutoNation Toyota Winter Park,https://www.autonationtoyotawinterpark.com,True,50 State Emissions | 6-Gallons of Gas | All Weather Floor Mats with All Weather Cargo Mat | SET Digital Portfolio | TOYOGUARD Platinum
2024-10-22,JTMEB3FV1RD223853,2024,RAV4 Prime XSE,,False,At dealer,50768,Silver Sky Metallic/Midnight Black Metallic Roof,Black Mixed Media,2192,Hartford Toyota,https://www.hartfordtoyota.com,True,50 State Emissions | All-Weather Liner Package[installed_msrp] | Door Edge Guards[installed_msrp] | Mudguards[installed_msrp] | Rear Bumper Applique[installed_msrp] | Rear Outboard Heated Seating | Roof Rack Cross Bars[installed_msrp] | Weather Package
2024-10-22,JTMEB3FV1RD224937,2024,RAV4 Prime XSE,Available,False,At dealer,50986,Wind Chill Pearl/Midnight Black Metallic Roof [extra_cost_color],Black Mixed Media,1267,Shottenkirk Toyota Granbury,https://www.shottenkirktoyotagranbury.com,False,** -Port Installed (AWD) | ** -Port Installed (CN) | ** -Port Installed (PRM) | 50 State Emissions | All-Weather Liner Package: | Body Side Molding | Connectivity Kit | Door Sill Protectors | Mud Guards | Owner's Portfolio | PDS - with Texas State Inspection | Special Color | Vehicle Fueling (4 Gal.) | Vehicle Protection Package
2024-10-23,JTMEB3FV4RD220252,2024,RAV4 Prime XSE,DealerHold,False,At dealer,51097,Silver Sky Metallic/Midnight Black Metallic Roof,Black Mixed Media,1999,Valdosta Toyota,https://www.valdostatoyota.com,False,50 State Emissions | 6-Gallons of Gas | All Weather Floor Mats with All Weather Cargo Mat | Heated Rear Seats - Rear Outboard | Multimedia Screen Protector | TOYOGUARD Platinum | Weather Package - Heated Leather-Trimmed
2024-10-24,JTMAB3FV0RD224331,2024,RAV4 Prime SE,Available,False,At dealer,47658,Midnight Black Metallic,Black Fabric,2160,Star Toyota of Bayside,https://www.startoyota.com,True,50 State Emissions | All-Weather Liner Package[installed_msrp] | Alloy Wheel Locks[installed_msrp] | Mudguards[installed_msrp] | Rear Bumper Applique[installed_msrp] | Roof Rack Cross Bars[installed_msrp] | Weather & Moonroof Package
2024-10-25,JTMAB3FV2RD227084,2024,RAV4 Prime SE,Available,False,At dealer,48774,Magnetic Gray Metallic,Black Fabric,2358,Doral Toyota,https://www.doraltoyota.com,True,50 State Emissions | 6-Gallons of Gas | Carpet Floor Mats with Carpet Cargo Mat | Clear Paint Protection - Door Package | Cross Bars | Multimedia Screen Protector | Phone Cable Charge Package | Southeast Toyota Distributor | TOYOGUARD Platinum | Weather & Moonroof Package -
2024-10-25,JTMAB3FV5RD229332,2024,RAV4 Prime SE,DealerHold,True,At dealer,47988,Magnetic Gray Metallic,Black Fabric,508,Blackstone Toyota of Fresno,https://www.blackstonetoyota.com,True,3M PROTECTION PACKAGE | 50 State Emissions | All-Weather Liner Package[installed_msrp] | Alloy Wheel Locks[installed_msrp] | Blackout Emblem Overlays[installed_msrp] | Door Edge Guards[installed_msrp] | Mudguards[installed_msrp] | Rear Bumper Applique[installed_msrp] | Roof Rack Cross Bars[installed_msrp] | Weather & Moonroof Package
2024-10-25,JTMAB3FV8RD227476,2024,RAV4 Prime SE,Available,False,At dealer,47683,Silver Sky Metallic,Black Fabric,1265,Toyota of Fort Worth,https://www.toyotaoffortworth.com,False,** -Port Installed (AWD) | ** -Port Installed (PRM) | 50 State Emissions | Connectivity Kit | PDS - with Texas State Inspection | Premium Carpet Mat Set: | TFW Protection Package | Vehicle Fueling (4 Gal.) | Vehicle Protection Package | Weather & Moonroof Package
2024-10-26,JTMEB3FV4RD228061,2024,RAV4 Prime XSE,DealerHold,False,At dealer,51023,Wind Chill Pearl/Midnight Black Metallic Roof [extra_cost_color],Black Mixed Media,2138,Sun Toyota,https://www.suntoyota.com,False,50 State Emissions | 6-Gallons of Gas | Heated Rear Seats - Rear Outboard | Multimedia Screen Protector | Premium Paint | SET Digital Portfolio | TOYOGUARD Platinum | Weather Package - Heated Leather-Trimmed
2024-10-27,JTMAB3FV5RD224048,2024,RAV4 Prime SE,Available,False,At dealer,48904,Midnight Black Metallic,Black Fabric,1973,Scott Clark Toyota,https://www.scottclarkstoyota.com,True,50 State Emissions | 6-Gallons of Gas | All Weather Floor Mats with All Weather Cargo Mat | Multimedia Screen Protector | Paint Protection Film - Hood & Door Package | Phone Cable Charge Package | SET Digital Portfolio | Scott Clark Advantage Package | TOYOGUARD Platinum | Weather & Moonroof Package -
2024-10-28,JTMFB3FV8RD228021,2024,RAV4 Prime XSE,Available,False,Factory to port,54146,Wind Chill Pearl/Midnight Black Metallic Roof [extra_cost_color],Black SofTex®&nbsp;[softex],1195,Fowler Toyota of Tulsa,https://www.fowlertoyotatulsa.com,True,** -Port Installed (AWD) | ** -Port Installed (CN) | ** -Port Installed (PRM) | 50 State Emissions | All-Weather Liner Package: | Body Side Molding | Connectivity Kit | Door Sill Protectors | Lemon Law Book | Mud Guards | Owner's Portfolio | PDS - Pre Delivery Services | Premium Package | Special Color | Vehicle Fueling (4 Gal.) | Vehicle Protection Premium Package: | Weather Package
2024-10-31,JTMAB3FV3RD226767,2024,RAV4 Prime SE,DealerHold,False,At dealer,48133,Blueprint,Black Fabric,2254,Grieco Toyota,https://www.griecotoyota.com,False,50 State Emissions | All-Weather Liner Package[installed_msrp] | Alloy Wheel Locks[installed_msrp] | Body Side Moldings[installed_msrp] | Door Edge Guards[installed_msrp] | Mudguards[installed_msrp] | Quick Charging Cable Package[installed_msrp] | Rear Bumper Applique[installed_msrp] | Roof Rack Cross Bars[installed_msrp] | Weather & Moonroof Package
2024-11-01,JTMAB3FV4RD229211,2024,RAV4 Prime SE,Available,False,At dealer,49140,Supersonic Red [extra_cost_color],Black Fabric,1466,Gullo Toyota of Conroe,https://www.gullotoyota.com,True,** -Port Installed (AWD) | ** -Port Installed (PRM) | 50 State Emissions | Body Side Molding | Connectivity Kit | Door Sill Protectors | Mud Guards | Owner's Portfolio | PDS - with Texas State Inspection | Premium Carpet Mat Set: | Rear Cargo Organizer | Special Color | Vehicle Fueling (4 Gal.) | Vehicle Protection Premium Package: | Weather & Moonroof Package
2024-11-01,JTMAB3FV9RD227258,2024,RAV4 Prime SE,Available,False,At dealer,48627,Magnetic Gray Metallic,Black Fabric,1511,Community Toyota,https://www.communitytoyota.com,False,** -Port Installed (AWD) | ** -Port Installed (PRM) | 50 State Emissions | All-Weather Liner Package: | Body Side Molding | Connectivity Kit | Door Sill Protectors | Mud Guards | Owner's Portfolio | Spider Cargo Net | Vehicle Fueling (4 Gal.) | Vehicle Protection Premium Package: | Weather & Moonroof Package
2024-11-01,JTMAB3FV9RD227759,2024,RAV4 Prime SE,,False,At dealer,48123,Ice Cap,Black Fabric,1856,Jim Shorkey Toyota,https://www.jimshorkeytoyota.com,True,50 State Emissions | All-Weather Liner Package[installed_msrp] | Alloy Wheel Locks[installed_msrp] | Blackout Emblem Overlays[installed_msrp] | Body Side Moldings[installed_msrp] | Door Edge Guards[installed_msrp] | Door Sill Protectors[installed_msrp] | Mudguards[installed_msrp] | Quick Charging Cable Package[installed_msrp] | Weather & Moonroof Package
2024-11-04,JTMEB3FV0RD227151,2024,RAV4 Prime XSE,Available,False,At dealer,50902,Wind Chill Pearl/Midnight Black Metallic Roof [extra_cost_color],Black Mixed Media,1591,Bert Ogden Toyota of Harlingen,https://www.bertogdentoyota.com,False,** -Port Installed (AWD) | ** -Port Installed (CN) | ** -Port Installed (PRM) | 50 State Emissions | All-Weather Liner Package: | Body Side Molding | Connectivity Kit | Cross Bars for Roof Rail | Door Sill Protectors | Mud Guards | Owner's Portfolio | PDS - with Texas State Inspection | Special Color | Vehicle Fueling (4 Gal.)
2024-11-05,JTMAB3FV7RD230045,2024,RAV4 Prime SE,,False,At dealer,48146,Magnetic Gray Metallic,Black Fabric,2113,Coggin Toyota at the Avenues,https://www.coggintoyota.com,False,50 State Emissions | 6-Gallons of Gas | Clear Paint Protection - Door Package | Cross Bars | Phone Cable Charge Package | Southeast Toyota Distributor | TOYOGUARD Platinum | Weather & Moonroof Package -
2024-11-07,JTMCB3FV1RD228848,2024,RAV4 Prime SE,Available,False,At dealer,47187,Supersonic Red [extra_cost_color],Black Fabric,1611,Toyota of Jackson,https://www.toyotaofjackson.com,True,** -Port Installed (AWD) | ** -Port Installed (PRM) | 50 State Emissions | Body Side Molding | Connectivity Kit | Door Sill Protectors | Mud Guards | Owner's Portfolio | PDS - Pre Delivery Services | Premium Carpet Mat Set: | Special Color | Spider Cargo Net | TOYOTA-OF-JACKSON PermaPlate Windshield Guard | Vehicle Fueling (4 Gal.) | Vehicle Protection Package
2024-11-07,JTMCB3FV8RD228247,2024,RAV4 Prime SE,DealerHold,False,At dealer,45793,Magnetic Gray Metallic,Black Fabric,2254,Nucar Toyota of Norwood,https://www.nucartoyotanorwood.com,False,50 State Emissions | All-Weather Liner Package[installed_msrp] | Door Edge Guards[installed_msrp] | Frameless Homelink® Mirror[installed_msrp] | Rear Bumper Applique[installed_msrp]
2024-11-07,JTMEB3FV5RD229221,2024,RAV4 Prime XSE,Available,False,At dealer,51941,Wind Chill Pearl/Midnight Black Metallic Roof [extra_cost_color],Black Mixed Media,809,Premier Toyota,https://www.premierautoplex.com,True,"50 State Emissions | All-Weather Liner Package[installed_msrp] | Blackout Emblem Overlays[installed_msrp] | Body Side Moldings[installed_msrp] | Door Edge Guards[installed_msrp] | Door Sill Protectors[installed_msrp] | Mudguards[installed_msrp] | Owner's Portfolio | Paint Protection Film (Hood, Fenders, Mirror Backs & Door Cups)[installed_msrp] | Rear Bumper Applique[installed_msrp] | Rear Outboard Heated Seating | Special Color | Weather Package"
2024-11-12,JTMEB3FV9RD230422,2024,RAV4 Prime XSE,Available,False,At dealer,50986,Supersonic Red/Midnight Black Metallic Roof [extra_cost_color],Black Mixed Media,1687,Kim's Toyota,https://www.kimstoyota.com,True,** -Port Installed (AWD) | ** -Port Installed (CN) | ** -Port Installed (PRM) | 50 State Emissions | Body Side Molding | Connectivity Kit | Door Sill Protectors | Kim's Advantage | Mud Guards | PDS - Pre Delivery Services | Premium Carpet Mat Set: | Special Color | Vehicle Fueling (4 Gal.) | Vehicle Protection Package
2024-11-12,JTMEB3FVXRD230350,2024,RAV4 Prime XSE,Available,False,At dealer,50973,Wind Chill Pearl/Midnight Black Metallic Roof [extra_cost_color],Black Mixed Media,1859,Luv Toyota,https://www.luvtoyota.com,True,50 State Emissions | All-Weather Liner Package[installed_msrp] | Blackout Emblem Overlays[installed_msrp] | Door Edge Guards[installed_msrp] | Quick Charging Cable Package[installed_msrp] | Rear Bumper Applique[installed_msrp] | Rear Outboard Heated Seating | Special Color | Weather Package
2024-11-13,JTMEB3FVXRD230302,2024,RAV4 Prime XSE,,False,At dealer,51234,Wind Chill Pearl/Midnight Black Metallic Roof [extra_cost_color],Black Mixed Media,1743,Westside Toyota,https://www.westsidetoyota.com,False,50 State Emissions | All-Weather Liner Package[installed_msrp] | Blackout Emblem Overlays[installed_msrp] | Body Side Moldings[installed_msrp] | Door Edge Guards[installed_msrp] | Mudguards[installed_msrp] | Rear Outboard Heated Seating | Special Color | Weather Package
2024-11-15,JTMAB3FVXRD231819,2024,RAV4 Prime SE,DealerHold,False,At dealer,47124,Silver Sky Metallic,Black Fabric,2234,Acton Toyota of Littleton,https://www.actontoyota.com,False,50 State Emissions | All-Weather Liner Package[installed_msrp] | Alloy Wheel Locks[installed_msrp] | Owner's Portfolio | Weather & Moonroof Package
2024-11-15,JTMEB3FV1RD229958,2024,RAV4 Prime XSE,Available,False,At dealer,51186,Supersonic Red/Midnight Black Metallic Roof [extra_cost_color],Black Mixed Media,1347,Don Ringler Toyota,https://www.donringlertoyota.com,True,"** -Port Installed (AWD) | ** -Port Installed (CN) | ** -Port Installed (PRM) | 50 State Emissions | All-Weather Liner Package: | Body Side Molding | Connectivity Kit | DON RINGLER TOYOTA FAMILY PLAN | Door Sill Protectors | Mud Guards | PDS - with Texas State Inspection | Special Color | Vehicle Fueling (4 Gal.) | Vehicle Protection Premium Package: | Window Tint, Door Edge, Door Cup Guards and Nitrogen Filled Tires"
2024-11-15,JTMEB3FV3RD230321,2024,RAV4 Prime XSE,DealerHold,False,At dealer,50813,Magnetic Gray Metallic/Midnight Black Metallic Roof,Black Mixed Media,1772,Ken Ganley Toyota Akron,https://www.kenganleytoyotaakron.com,True,50 State Emissions | All-Weather Liner Package[installed_msrp] | Blackout Emblem Overlays[installed_msrp] | Fog Light Accent[installed_msrp] | Rear Bumper Applique[installed_msrp] | Rear Outboard Heated Seating | Roof Rack Cross Bars[installed_msrp] | Weather Package
2024-11-16,JTMAB3FV0RD230307,2024,RAV4 Prime SE,Available,False,At dealer,48256,Midnight Black Metallic,Black Fabric,1480,Joe Myers Toyota,https://www.joemyerstoyota.com,False,** -Port Installed (AWD) | ** -Port Installed (PRM) | 50 State Emissions | Connectivity Kit | Door Sill Protectors | Mud Guards | Owner's Portfolio | PDS - with Texas State Inspection | Premium Carpet Mat Set: | Rear Cargo Organizer | Vehicle Fueling (4 Gal.) | Vehicle Protection Package | Weather & Moonroof Package
2024-11-16,JTMAB3FV4RD231069,2024,RAV4 Prime SE,Available,False,At dealer,48096,Silver Sky Metallic,Black Fabric,2136,Beaver Toyota of St. Augustine,https://www.beavertoyotastaugustine.com,False,50 State Emissions | 6-Gallons of Gas | Cross Bars | Phone Cable Charge Package | Rear-View Mirror with HomeLink | SET Digital Portfolio | TOYOGUARD Platinum | Weather & Moonroof Package -
2024-11-16,JTMAB3FV8RD231723,2024,RAV4 Prime SE,Available,False,At dealer,47618,Magnetic Gray Metallic,Black Fabric,1782,"Riverside Toyota, Inc.",https://www.riversidetoyota.com,True,50 State Emissions | 6-Gallons of Gas | All Weather Floor Mats with All Weather Cargo Mat | Cross Bars | SET Digital Portfolio | Weather & Moonroof Package -
2024-11-17,JTMAB3FV3RD231418,2024,RAV4 Prime SE,Available,False,At dealer,47806,Magnetic Gray Metallic,Black Fabric,1955,Toyota of North Charlotte,https://www.toyotaofnorthcharlotte.com,False,50 State Emissions | 6-Gallons of Gas | All Weather Floor Mats with All Weather Cargo Mat | Mudguards | Multimedia Screen Protector | Phone Cable Charge Package | Rear-View Mirror with HomeLink | Southeast Toyota Distributor | Weather & Moonroof Package -
2024-11-17,JTMEB3FV9RD231912,2024,RAV4 Prime XSE,DealerHold,False,At dealer,51405,Wind Chill Pearl/Midnight Black Metallic Roof [extra_cost_color],Black Mixed Media,2019,Davis Toyota of Orangeburg,https://www.davisorangeburgtoyota.com,False,50 State Emissions | 6-Gallons of Gas | All Weather Floor Mats with All Weather Cargo Mat | Paint Protection Film - Hood & Door Package | Phone Cable Charge Package | Premium Paint | SET Digital Portfolio | TOYOGUARD Platinum
2024-11-18,JTMEB3FV7RD231245,2024,RAV4 Prime XSE,Available,False,At dealer,51259,Silver Sky Metallic/Midnight Black Metallic Roof,Black Mixed Media,2089,CMA's Rocky Mount Toyota,https://www.cmasrockymounttoyota.com,False,50 State Emissions | 6-Gallons of Gas | All Weather Floor Mats with All Weather Cargo Mat | Mudguards | Multimedia Screen Protector | Paint Protection Film - Hood & Door Package | Phone Cable Charge Package | SET Digital Portfolio | TOYOGUARD Platinum
2024-11-18,JTMEB3FV8RD231500,2024,RAV4 Prime XSE,Available,False,At dealer,50986,Supersonic Red/Midnight Black Metallic Roof [extra_cost_color],Black Mixed Media,1271,Longo Toyota of Prosper,https://www.longotoyotaofprosper.com,True,** -Port Installed (AWD) | ** -Port Installed (CN) | ** -Port Installed (PRM) | 50 State Emissions | All-Weather Liner Package: | Body Side Molding | Connectivity Kit | Door Sill Protectors | Mud Guards | PDS - with Texas State Inspection | Special Color | Vehicle Fueling (4 Gal.) | Vehicle Protection Package
2024-11-20,JTMAB3FV7RD231406,2024,RAV4 Prime SE,DealerHold,False,At dealer,47433,Magnetic Gray Metallic,Black Fabric,2049,Sheehy Toyota of Laurel,https://www.sheehytoyotalaurel.com,False,50 State Emissions | All-Weather Liner Package[installed_msrp] | Door Edge Guards[installed_msrp] | Mudguards[installed_msrp] | Rear Bumper Applique[installed_msrp] | Weather & Moonroof Package
2024-11-22,JTMAB3FV6RD232384,2024,RAV4 Prime SE,Available,False,At dealer,48715,Silver Sky Metallic,Black Fabric,985,Fox Toyota of El Paso,https://www.foxtoyotaofelpaso.com,False,** -Port Installed (AWD) | ** -Port Installed (PRM) | 50 State Emissions | Body Side Molding | Connectivity Kit | Door Sill Protectors | Mud Guards | Owner's Portfolio | PDS - Pre Delivery Services | Premium Carpet Mat Set: | Rear Cargo Organizer | Vehicle Fueling (4 Gal.) | Vehicle Protection Premium Package: | Weather & Moonroof Package
2024-11-22,JTMEB3FV7RD232119,2024,RAV4 Prime XSE,Available,False,At dealer,50294,Magnetic Gray Metallic/Midnight Black Metallic Roof,Black Mixed Media,1923,Bob Johnson Toyota,https://www.bobjohnsontoyota.com,True,50 State Emissions | All-Weather Liner Package[installed_msrp] | Alloy Wheel Locks[installed_msrp] | Mudguards[installed_msrp] | Owner's Portfolio | Rear Outboard Heated Seating | Weather Package
2024-11-22,JTMEB3FV9RD231621,2024,RAV4 Prime XSE,DealerHold,False,At dealer,50986,Wind Chill Pearl/Midnight Black Metallic Roof [extra_cost_color],Black Mixed Media,962,Street Toyota,https://www.streettoyota.com,False,** -Port Installed (AWD) | ** -Port Installed (CN) | ** -Port Installed (PRM) | 50 State Emissions | Body Side Molding | Connectivity Kit | Door Sill Protectors | Mud Guards | PDS - with Texas State Inspection | Premium Carpet Mat Set: | Special Color | Vehicle Fueling (4 Gal.) | Vehicle Protection Package
2024-11-23,JTMEB3FV2RD232139,2024,RAV4 Prime XSE,Available,False,At dealer,50968,Magnetic Gray Metallic/Midnight Black Metallic Roof,Black Mixed Media,1732,Hoover Toyota,https://www.hoovertoyota.com,False,50 State Emissions | 6-Gallons of Gas | All Weather Floor Mats with All Weather Cargo Mat | Heated Rear Seats - Rear Outboard | SET Digital Portfolio | TOYOGUARD Platinum | Weather Package - Heated Leather-Trimmed
2024-11-23,JTMFB3FV0RD231737,2024,RAV4 Prime XSE,Available,False,At dealer,52799,Wind Chill Pearl/Midnight Black Metallic Roof [extra_cost_color],Black SofTex®&nbsp;[softex],1647,Carl Hogan Toyota,https://www.carlhogantoyota.com,False,** -Port Installed (AWD) | ** -Port Installed (CN) | ** -Port Installed (PRM) | 50 State Emissions | CHT PROTECTION PACKAGE | PDS - Pre Delivery Services | Premium Carpet Mat Set: | Premium Package | Special Color | Vehicle Fueling (4 Gal.) | Weather Package
2024-11-26,JTMEB3FV2RD232531,2024,RAV4 Prime XSE,DealerHold,False,At dealer,50654,Supersonic Red/Midnight Black Metallic Roof [extra_cost_color],Black Mixed Media,2132,DCH Brunswick Toyota,https://www.dchbrunswicktoyota.com,True,50 State Emissions | All-Weather Liner Package[installed_msrp] | Door Edge Guards | Mudguards[installed_msrp] | Rear Outboard Heated Seating | Special Color | Weather Package
2024-11-27,JTMAB3FV0RD232123,2024,RAV4 Prime SE,DealerHold,False,At dealer,47813,Blueprint,Black Fabric,2063,Empire Toyota,https://www.empiretoyota.com,True,50 State Emissions | All-Weather Liner Package[installed_msrp] | Body Side Moldings[installed_msrp] | Door Edge Guards[installed_msrp] | Door Sill Protectors[installed_msrp] | Mudguards[installed_msrp] | Owner's Portfolio | Weather & Moonroof Package
2024-11-27,JTMAB3FV0RD232137,2024,RAV4 Prime SE,Available,False,At dealer,48077,Magnetic Gray Metallic,Black Fabric,1913,Lowe Toyota of Warner Robins,https://www.lowetoyota.com,True,50 State Emissions | 6-Gallons of Gas | All Weather Floor Mats with All Weather Cargo Mat | Multimedia Screen Protector | SET Digital Portfolio | TOYOGUARD Platinum | Weather & Moonroof Package -
2024-11-27,JTMAB3FV6RD232935,2024,RAV4 Prime SE,DealerHold,False,At dealer,48359,Silver Sky Metallic,Black Fabric,211,Rogers Toyota of Hermiston,https://www.toyotaofhermiston.com,False,50 State Emissions | All-Weather Liner Package[installed_msrp] | Blackout Emblem Overlays[installed_msrp] | Connected Services Trial Offering: 3 addt'l of Drive Connect & 2 addt'l yrs of Remote Connect[installed_msrp] | Frameless Homelink® Mirror[installed_msrp] | Mudguards[installed_msrp] | Roof Rack Cross Bars[installed_msrp] | Weather & Moonroof Package
2024-11-27,JTMEB3FVXRD230994,2024,RAV4 Prime XSE,Available,False,At dealer,51503,Supersonic Red/Midnight Black Metallic Roof [extra_cost_color],Black Mixed Media,2222,Harr Toyota,https://www.harrtoyota.com,True,50 State Emissions | All-Weather Liner Package[installed_msrp] | Alloy Wheel Locks[installed_msrp] | Blackout Emblem Overlays[installed_msrp] | Door Edge Guards[installed_msrp] | Mudguards[installed_msrp] | Quick Charging Cable Package[installed_msrp] | Rear Bumper Applique[installed_msrp] | Rear Outboard Heated Seating | Roof Rack Cross Bars[installed_msrp] | Special Color | Weather Package
2024-11-29,JTMAB3FV6RD230747,2024,RAV4 Prime SE,,False,At dealer,49037,Supersonic Red [extra_cost_color],Black Fabric,1856,Jim Shorkey Toyota,https://www.jimshorkeytoyota.com,True,50 State Emissions | All-Weather Liner Package[installed_msrp] | Alloy Wheel Locks[installed_msrp] | Body Side Moldings[installed_msrp] | Door Edge Guards[installed_msrp] | Door Sill Protectors[installed_msrp] | Fog Light Accent[installed_msrp] | Frameless Homelink® Mirror[installed_msrp] | Mudguards[installed_msrp] | Rear Bumper Applique[installed_msrp] | Roof Rack Cross Bars[installed_msrp] | Special Color | Weather & Moonroof Package
2024-11-30,JTMEB3FV1RD233041,2024,RAV4 Prime XSE,Available,False,At dealer,50561,Magnetic Gray Metallic/Midnight Black Metallic Roof,Black Mixed Media,1265,Toyota of Fort Worth,https://www.toyotaoffortworth.com,False,** -Port Installed (AWD) | ** -Port Installed (CN) | ** -Port Installed (PRM) | 50 State Emissions | All-Weather Liner Package: | Body Side Molding | Connectivity Kit | Door Sill Protectors | Mud Guards | PDS - with Texas State Inspection | TFW Protection Package | Vehicle Fueling (4 Gal.) | Vehicle Protection Package
2024-12-01,JTMAB3FV2RD232236,2024,RAV4 Prime SE,Available,False,At dealer,48405,Ice Cap,Black Fabric,2358,Doral Toyota,https://www.doraltoyota.com,True,50 State Emissions | 6-Gallons of Gas | Carpet Floor Mats with Carpet Cargo Mat | Clear Paint Protection - Door Package | Multimedia Screen Protector | Phone Cable Charge Package | SET Digital Portfolio | TOYOGUARD Platinum | Weather & Moonroof Package -
2024-12-02,JTMAB3FV3RD232665,2024,RAV4 Prime SE,Available,False,At dealer,47727,Silver Sky Metallic,Black Fabric,2136,Beaver Toyota of St. Augustine,https://www.beavertoyotastaugustine.com,False,50 State Emissions | 6-Gallons of Gas | Phone Cable Charge Package | Rear-View Mirror with HomeLink | SET Digital Portfolio | TOYOGUARD Platinum | Weather & Moonroof Package -
2024-12-02,JTMAB3FVXRD233182,2024,RAV4 Prime SE,Available,False,At dealer,48027,Blueprint,Black Fabric,2366,South Dade Toyota,https://www.southdadetoyota.com,True,50 State Emissions | 6-Gallons of Gas | All Weather Floor Mats with All Weather Cargo Mat | Phone Cable Charge Package | SET Digital Portfolio | TOYOGUARD Platinum | Weather & Moonroof Package -
2024-12-02,JTMEB3FV1RD233377,2024,RAV4 Prime XSE,Available,False,At dealer,51425,Silver Sky Metallic/Midnight Black Metallic Roof,Black Mixed Media,1845,Milton Martin Toyota,https://www.miltonmartintoyota.com,False,50 State Emissions | 6-Gallons of Gas | All Weather Floor Mats with All Weather Cargo Mat | Clear Paint Protection - Door Package | Heated Rear Seats - Rear Outboard | Multimedia Screen Protector | Phone Cable Charge Package | SET Digital Portfolio | TOYOGUARD Platinum | Weather Package - Heated Leather-Trimmed
2024-12-02,JTMEB3FV2RD232786,2024,RAV4 Prime XSE,DealerHold,False,At dealer,51123,Supersonic Red/Midnight Black Metallic Roof [extra_cost_color],Black Mixed Media,1672,Marshall Dry Ridge Toyota,https://www.marshalldryridgetoyota.com,False,50 State Emissions | All-Weather Liner Package[installed_msrp] | Blackout Emblem Overlays[installed_msrp] | Door Edge Guards[installed_msrp] | Mudguards[installed_msrp] | Quick Charging Cable Package[installed_msrp] | Rear Bumper Applique[installed_msrp] | Rear Outboard Heated Seating | Special Color | Weather Package
2024-12-02,JTMEB3FV2RD233369,2024,RAV4 Prime XSE,,False,At dealer,50504,Silver Sky Metallic/Midnight Black Metallic Roof,Black Mixed Media,2192,Hartford Toyota,https://www.hartfordtoyota.com,True,50 State Emissions | All-Weather Liner Package[installed_msrp] | Blackout Emblem Overlays[installed_msrp] | Body Side Moldings[installed_msrp] | Rear Outboard Heated Seating | Weather Package
2024-12-03,JTMAB3FV5RD230688,2024,RAV4 Prime SE,DealerHold,False,At dealer,47578,Magnetic Gray Metallic,Black Fabric,2138,Sun Toyota,https://www.suntoyota.com,False,50 State Emissions | 6-Gallons of Gas | Multimedia Screen Protector | SET Digital Portfolio | TOYOGUARD Platinum | Weather & Moonroof Package -
2024-12-03,JTMAB3FV7RD232684,2024,RAV4 Prime SE,DealerHold,False,At dealer,47209,Midnight Black Metallic,Black Fabric,2321,Down East Toyota,https://www.downeasttoyota.com,False,50 State Emissions | All-Weather Liner Package[installed_msrp] | Mudguards[installed_msrp] | Weather & Moonroof Package
2024-12-03,JTMEB3FV1RD232889,2024,RAV4 Prime XSE,Available,False,At dealer,49663,Blueprint/Midnight Black Metallic Roof,Black Mixed Media,1394,Twin City Toyota,https://www.twincitytoyota.com,True,50 State Emissions | All-Weather Liner Package[installed_msrp] | Blackout Emblem Overlays[installed_msrp] | Door Edge Guards[installed_msrp] | Rear Bumper Applique[installed_msrp]
2024-12-03,JTMEB3FV2RD231878,2024,RAV4 Prime XSE,DealerHold,False,At dealer,50598,Blueprint/Midnight Black Metallic Roof,Black Mixed Media,2138,Sun Toyota,https://www.suntoyota.com,False,50 State Emissions | 6-Gallons of Gas | Heated Rear Seats - Rear Outboard | Multimedia Screen Protector | SET Digital Portfolio | TOYOGUARD Platinum | Weather Package - Heated Leather-Trimmed
2024-12-03,JTMEB3FV2RD231976,2024,RAV4 Prime XSE,Available,False,At dealer,51368,Supersonic Red/Midnight Black Metallic Roof [extra_cost_color],Black Mixed Media,1379,Seeger Toyota,https://www.seegertoyota.com,False,50 State Emissions | All-Weather Liner Package[installed_msrp] | Alloy Wheel Locks[installed_msrp] | Blackout Emblem Overlays[installed_msrp] | Body Side Moldings[installed_msrp] | Door Edge Guards[installed_msrp] | Mudguards[installed_msrp] | Rear Bumper Applique[installed_msrp] | Rear Outboard Heated Seating | Special Color | Weather Package
2024-12-03,JTMEB3FV9RD233661,2024,RAV4 Prime XSE,DealerHold,False,At dealer,50234,Magnetic Gray Metallic/Midnight Black Metallic Roof,Black Mixed Media,2135,Toyota Universe,https://www.toyotauniverse.com,False,50 State Emissions | All-Weather Liner Package[installed_msrp] | Door Edge Guards[installed_msrp] | Rear Outboard Heated Seating | Weather Package
2024-12-04,JTMAB3FV8RD232967,2024,RAV4 Prime SE,DealerHold,False,At dealer,47524,Blueprint,Black Fabric,2321,Down East Toyota,https://www.downeasttoyota.com,False,50 State Emissions | All-Weather Liner Package[installed_msrp] | Mudguards[installed_msrp] | Roof Rack Cross Bars[installed_msrp] | Weather & Moonroof Package
2024-12-04,JTMEB3FV1RD232553,2024,RAV4 Prime XSE,Available,False,At dealer,50761,Silver Sky Metallic/Midnight Black Metallic Roof,Black Mixed Media,1445,Yokem Toyota,https://www.yokemtoyota.com,False,** -Port Installed (AWD) | ** -Port Installed (CN) | ** -Port Installed (PRM) | 50 State Emissions | All-Weather Liner Package: | Body Side Molding | Connectivity Kit | Door Sill Protectors | Mud Guards | PDS - Pre Delivery Services | Vehicle Fueling (4 Gal.) | Vehicle Protection Premium Package:
2024-12-04,JTMEB3FV3RD233462,2024,RAV4 Prime XSE,,False,At dealer,51083,Magnetic Gray Metallic/Midnight Black Metallic Roof,Black Mixed Media,2264,Copeland Toyota,https://www.copelandtoyota.com,True,50 State Emissions | All-Weather Liner Package[installed_msrp] | Alloy Wheel Locks[installed_msrp] | Body Side Moldings[installed_msrp] | Door Edge Guards[installed_msrp] | Mudguards[installed_msrp] | Rear Bumper Applique[installed_msrp] | Rear Outboard Heated Seating | Roof Rack Cross Bars[installed_msrp] | Weather Package
2024-12-04,JTMEB3FV6RD232239,2024,RAV4 Prime XSE,Available,False,At dealer,50948,Wind Chill Pearl/Midnight Black Metallic Roof [extra_cost_color],Black Mixed Media,1598,Wyatt Johnson Toyota,https://www.wyattjohnsontoyota.com,False,50 State Emissions | All-Weather Liner Package[installed_msrp] | Door Edge Guards[installed_msrp] | Mudguards[installed_msrp] | Quick Charging Cable Package[installed_msrp] | Rear Bumper Applique[installed_msrp] | Rear Outboard Heated Seating | Special Color | Weather Package
2024-12-04,JTMEB3FV9RD232493,2024,RAV4 Prime XSE,Available,False,At dealer,50512,Supersonic Red/Midnight Black Metallic Roof [extra_cost_color],Black Mixed Media,1620,Hampton Toyota,https://www.hamptontoyota.com,False,** -Port Installed (AWD) | ** -Port Installed (CN) | ** -Port Installed (PRM) | 50 State Emissions | Adjusted market value | All-Weather Liner Package: | Body Side Molding | Door Sill Protectors | Mud Guards | PDS - Pre Delivery Services | Special Color | Vehicle Fueling (4 Gal.)
2024-12-04,JTMEB3FVXRD232874,2024,RAV4 Prime XSE,,False,At dealer,51028,Wind Chill Pearl/Midnight Black Metallic Roof [extra_cost_color],Black Mixed Media,1632,Randy Wise Toyota,https://www.randywisetoyota.com,True,50 State Emissions | All-Weather Liner Package[installed_msrp] | Blackout Emblem Overlays[installed_msrp] | Door Sill Protectors[installed_msrp] | Mudguards[installed_msrp] | Owner's Portfolio | Rear Outboard Heated Seating | Special Color | Weather Package
2024-12-05,JTMAB3FV0RD233174,2024,RAV4 Prime SE,DealerHold,False,At dealer,47634,Magnetic Gray Metallic,Black Fabric,1979,Berglund Toyota,https://www.berglundtoyota.com,False,50 State Emissions | All-Weather Liner Package[installed_msrp] | Blackout Emblem Overlays[installed_msrp] | Body Side Moldings[installed_msrp] | Mudguards[installed_msrp] | Owner's Portfolio | Weather & Moonroof Package
2024-12-05,JTMAB3FV5RD232666,2024,RAV4 Prime SE,Available,False,At dealer,47853,Magnetic Gray Metallic,Black Fabric,1449,Toyota of Lincoln Park,https://www.ToyotaOfLincolnPark.com,False,50 State Emissions | All-Weather Liner Package[installed_msrp] | Blackout Emblem Overlays[installed_msrp] | Door Edge Guards[installed_msrp] | Frameless Homelink® Mirror[installed_msrp] | Mudguards[installed_msrp] | Owner's Portfolio | Quick Charging Cable Package[installed_msrp] | Rear Bumper Applique[installed_msrp] | Weather & Moonroof Package
2024-12-05,JTMAB3FV6RD230232,2024,RAV4 Prime SE,Available,False,At dealer,47707,Blueprint,Black Fabric,2105,Toyota World of Newton,https://www.newtontoyota.com,True,50 State Emissions | All-Weather Liner Package[installed_msrp] | Alloy Wheel Locks[installed_msrp] | Blackout Emblem Overlays[installed_msrp] | Cargo Net - Spider[installed_msrp] | Door Sill Protectors[installed_msrp] | Mudguards[installed_msrp] | Weather & Moonroof Package
2024-12-05,JTMEB3FVXRD231210,2024,RAV4 Prime XSE,,False,At dealer,51322,Magnetic Gray Metallic/Midnight Black Metallic Roof,Black Mixed Media,1767,Summit Toyota of Akron,https://www.summittoyotaofakron.com,True,50 State Emissions | All-Weather Liner Package[installed_msrp] | Blackout Emblem Overlays[installed_msrp] | Body Side Moldings[installed_msrp] | Door Edge Guards[installed_msrp] | Door Sill Protectors[installed_msrp] | Fog Light Accent[installed_msrp] | Mudguards[installed_msrp] | Quick Charging Cable Package[installed_msrp] | Rear Bumper Applique[installed_msrp] | Rear Outboard Heated Seating | Weather Package
2024-12-06,JTMAB3FV0RD234082,2024,RAV4 Prime SE,Available,False,At dealer,47214,Silver Sky Metallic,Black Fabric,2133,Dayton Toyota,https://www.daytontoyota.com,True,50 State Emissions | All-Weather Liner Package[installed_msrp] | Door Edge Guards[installed_msrp] | Weather & Moonroof Package
2024-12-06,JTMEB3FV2RD233887,2024,RAV4 Prime XSE,DealerHold,False,At dealer,50079,Magnetic Gray Metallic/Midnight Black Metallic Roof,Black Mixed Media,2005,Battlefield Toyota,https://www.battlefieldtoyota.com,True,50 State Emissions | All-Weather Liner Package[installed_msrp] | Owner's Portfolio | Rear Outboard Heated Seating | Weather Package
2024-12-06,JTMFB3FV5RD233905,2024,RAV4 Prime XSE,DealerHold,False,At dealer,52649,Wind Chill Pearl/Midnight Black Metallic Roof [extra_cost_color],Black SofTex®&nbsp;[softex],2005,Battlefield Toyota,https://www.battlefieldtoyota.com,True,50 State Emissions | All-Weather Liner Package[installed_msrp] | Owner's Portfolio | Premium Package | Special Color | Weather Package
2024-12-07,JTMAB3FV4RD233243,2024,RAV4 Prime SE,Available,False,At dealer,48627,Midnight Black Metallic,Black Fabric,1510,AutoNation Toyota Gulf Freeway,https://www.autonationtoyotagulffreeway.com,True,** -Port Installed (AWD) | ** -Port Installed (PRM) | 50 State Emissions | All-Weather Liner Package: | Body Side Molding | Connectivity Kit | Dent Protection Package | Door Sill Protectors | Mud Guards | Owner's Portfolio | PDS - with Texas State Inspection | Spider Cargo Net | Vehicle Fueling (4 Gal.) | Vehicle Protection Premium Package: | Weather & Moonroof Package
2024-12-07,JTMEB3FV6RD233360,2024,RAV4 Prime XSE,Available,False,At dealer,50561,Silver Sky Metallic/Midnight Black Metallic Roof,Black Mixed Media,1524,AutoNation Toyota Corpus Christi,https://www.autonationtoyotacorpuschristi.com,True,** -Port Installed (AWD) | ** -Port Installed (CN) | ** -Port Installed (PRM) | 50 State Emissions | All-Weather Liner Package: | Appearance Package | Body Side Molding | Connectivity Kit | Dent Protection Package | Door Sill Protectors | LLumar Window Tint | Mud Guards | Nitrogen Filled Tire | Owner's Portfolio | PDS - with Texas State Inspection | Vehicle Fueling (4 Gal.) | Vehicle Protection Package
2024-12-07,JTMEB3FV9RD233384,2024,RAV4 Prime XSE,DealerHold,False,At dealer,51279,Wind Chill Pearl/Midnight Black Metallic Roof [extra_cost_color],Black Mixed Media,2136,Interstate Toyota,https://www.interstatetoyota.net,True,50 State Emissions | All-Weather Liner Package[installed_msrp] | Alloy Wheel Locks[installed_msrp] | Blackout Emblem Overlays[installed_msrp] | Mudguards[installed_msrp] | Quick Charging Cable Package[installed_msrp] | Rear Outboard Heated Seating | Roof Rack Cross Bars[installed_msrp] | Special Color | Weather Package
2024-12-08,JTMEB3FV4RD233339,2024,RAV4 Prime XSE,Available,False,At dealer,50986,Supersonic Red/Midnight Black Metallic Roof [extra_cost_color],Black Mixed Media,1681,Toyota of Meridian,https://www.toyotaofmeridian.com,False,** -Port Installed (AWD) | ** -Port Installed (CN) | ** -Port Installed (PRM) | 50 State Emissions | Body Side Molding | Connectivity Kit | Door Sill Protectors | Mud Guards | Owner's Portfolio | PDS - Pre Delivery Services | Premium Carpet Mat Set: | Special Color | Vehicle Fueling (4 Gal.) | Vehicle Protection Package
2024-12-08,JTMFB3FV9RD232112,2024,RAV4 Prime XSE,DealerHold,False,At dealer,52449,Magnetic Gray Metallic/Midnight Black Metallic Roof,Black SofTex®&nbsp;[softex],1282,Toyota of Dallas,https://www.toyotaofdallas.com,False,** -Port Installed (AWD) | ** -Port Installed (CN) | ** -Port Installed (PRM) | 50 State Emissions | All-Weather Liner Package: | Connectivity Kit | Owner's Portfolio | Premium Package | Vehicle Fueling (4 Gal.) | Weather Package
2024-12-09,JTMAB3FV3RD233623,2024,RAV4 Prime SE,Available,False,At dealer,47578,Ice Cap,Black Fabric,2156,AutoNation Toyota Pinellas Park,https://www.autonationtoyotapinellaspark.com,True,50 State Emissions | 6-Gallons of Gas | Multimedia Screen Protector | SET Digital Portfolio | TOYOGUARD Platinum | Weather & Moonroof Package -
2024-12-09,JTMAB3FVXRD232839,2024,RAV4 Prime SE,Available,False,At dealer,48405,Magnetic Gray Metallic,Black Fabric,1925,Hutchinson Toyota of Albany,https://www.hutchinsontoyota.com,False,50 State Emissions | 6-Gallons of Gas | All Weather Floor Mats with All Weather Cargo Mat | Clear Paint Protection - Door Package | Multimedia Screen Protector | Phone Cable Charge Package | SET Digital Portfolio | TOYOGUARD Platinum | Weather & Moonroof Package -
2024-12-09,JTMEB3FV1RD233265,2024,RAV4 Prime XSE,,False,At dealer,50229,Silver Sky Metallic/Midnight Black Metallic Roof,Black Mixed Media,975,Gregg Young Toyota of Columbus,https://www.greggyoungtoyotacolumbus.com,True,50 State Emissions | All-Weather Liner Package[installed_msrp] | Mudguards[installed_msrp] | Rear Outboard Heated Seating | Weather Package
2024-12-09,JTMEB3FV3RD233865,2024,RAV4 Prime XSE,Available,False,At dealer,50144,Silver Sky Metallic/Midnight Black Metallic Roof,Black Mixed Media,1930,Hoselton Toyota,https://www.hoseltontoyota.com,True,50 State Emissions | All-Weather Liner Package[installed_msrp] | Alloy Wheel Locks[installed_msrp] | Rear Outboard Heated Seating | Weather Package
2024-12-09,JTMEB3FV4RD233910,2024,RAV4 Prime XSE,,False,At dealer,51425,Silver Sky Metallic/Midnight Black Metallic Roof,Black Mixed Media,1849,Stone Mountain Toyota,https://www.stonemountaintoyota.com,True,50 State Emissions | 6-Gallons of Gas | Carpet Floor Mats with Carpet Cargo Mat | Clear Paint Protection - Door Package | Heated Rear Seats - Rear Outboard | Multimedia Screen Protector | Phone Cable Charge Package | SET Digital Portfolio | TOYOGUARD Platinum | Weather Package - Heated Leather-Trimmed
2024-12-09,JTMEB3FV5RD233835,2024,RAV4 Prime XSE,,False,At dealer,50144,Magnetic Gray Metallic/Midnight Black Metallic Roof,Black Mixed Media,1930,Hoselton Toyota,https://www.hoseltontoyota.com,True,50 State Emissions | All-Weather Liner Package[installed_msrp] | Alloy Wheel Locks[installed_msrp] | Rear Outboard Heated Seating | Weather Package
2024-12-10,JTMAB3FV1RD232728,2024,RAV4 Prime SE,Available,False,At dealer,48515,Blueprint,Black Fabric,1389,North Park Toyota of San Antonio,https://www.northparktoyota.com,False,** -Port Installed (AWD) | ** -Port Installed (PRM) | 50 State Emissions | All-Weather Liner Package: | Body Side Molding | Connectivity Kit | Door Sill Protectors | Mud Guards | Owner's Portfolio | PDS - with Texas State Inspection | Rear Cargo Organizer | Vehicle Fueling (4 Gal.) | Vehicle Protection Package | Weather & Moonroof Package
2024-12-10,JTMAB3FV1RD233328,2024,RAV4 Prime SE,Available,False,At dealer,48807,Supersonic Red [extra_cost_color],Black Fabric,1991,Waite Toyota,https://www.waitetoyota.com,True,50 State Emissions | All-Weather Liner Package[installed_msrp] | Blackout Emblem Overlays[installed_msrp] | Connected Services Trial Offering: 3 addt'l of Drive Connect & 2 addt'l yrs of Remote Connect[installed_msrp] | Door Sill Protectors[installed_msrp] | Frameless Homelink® Mirror[installed_msrp] | Mudguards[installed_msrp] | Quick Charging Cable Package[installed_msrp] | Rear Bumper Applique[installed_msrp] | Special Color | Weather & Moonroof Package
2024-12-10,JTMAB3FV5RD234174,2024,RAV4 Prime SE,Available,False,At dealer,48326,Midnight Black Metallic,Black Fabric,2167,Courtesy Toyota,https://www.courtesytoyota.com,False,50 State Emissions | 6-Gallons of Gas | Clear Paint Protection - Door Package | Clear Paint Protection - Full Hood Package | Multimedia Screen Protector | SET Digital Portfolio | TOYOGUARD Platinum | Weather & Moonroof Package -
2024-12-10,JTMAB3FV6RD232871,2024,RAV4 Prime SE,,False,At dealer,48238,Silver Sky Metallic,Black Fabric,2168,Millennium Toyota,https://www.millenniumtoyota.com,True,50 State Emissions | All-Weather Liner Package[installed_msrp] | Alloy Wheel Locks[installed_msrp] | Body Side Moldings[installed_msrp] | Door Edge Guards[installed_msrp] | Frameless Homelink® Mirror[installed_msrp] | Millennium Care Package | Mudguards[installed_msrp] | Rear Bumper Applique[installed_msrp] | Roof Rack Cross Bars[installed_msrp] | Weather & Moonroof Package
2024-12-10,JTMAB3FV8RD234363,2024,RAV4 Prime SE,DealerHold,False,At dealer,47274,Midnight Black Metallic,Black Fabric,2094,Team Toyota of Glen Mills,https://www.teamtoyotaglenmills.com,True,50 State Emissions | All-Weather Liner Package[installed_msrp] | Alloy Wheel Locks[installed_msrp] | Mudguards[installed_msrp] | Weather & Moonroof Package
2024-12-10,JTMEB3FV8RD233683,2024,RAV4 Prime XSE,Available,False,At dealer,49770,Magnetic Gray Metallic/Midnight Black Metallic Roof,Black Mixed Media,2101,Keith Pierson Toyota,https://www.keithpiersontoyota.com,False,50 State Emissions | 6-Gallons of Gas | Heated Rear Seats - Rear Outboard | SET Digital Portfolio | Weather Package - Heated Leather-Trimmed
2024-12-11,JTMAB3FVXRD234297,2024,RAV4 Prime SE,Available,False,At dealer,47364,Ice Cap,Black Fabric,1865,Ken Ganley Toyota,https://www.kenganleytoyota.com,True,50 State Emissions | All-Weather Liner Package[installed_msrp] | Door Edge Guards[installed_msrp] | Mudguards[installed_msrp] | Weather & Moonroof Package
2024-12-11,JTMEB3FV4RD233728,2024,RAV4 Prime XSE,Available,False,At dealer,50986,Supersonic Red/Midnight Black Metallic Roof [extra_cost_color],Black Mixed Media,1419,Mark McLarty Toyota,https://www.markmclartytoyota.com,False,** -Port Installed (AWD) | ** -Port Installed (CN) | ** -Port Installed (PRM) | 50 State Emissions | All-Weather Liner Package: | Body Side Molding | Connectivity Kit | Door Sill Protectors | Lemon Law Book | Mud Guards | Owner's Portfolio | PDS - Pre Delivery Services | Special Color | Vehicle Fueling (4 Gal.) | Vehicle Protection Package
2024-12-11,JTMEB3FVXRD234141,2024,RAV4 Prime XSE,Available,False,At dealer,50894,Wind Chill Pearl/Midnight Black Metallic Roof [extra_cost_color],Black Mixed Media,2358,Toyota of North Miami,https://www.toyotaofnorthmiami.com,False,50 State Emissions | 6-Gallons of Gas | Heated Rear Seats - Rear Outboard | Premium Paint | SET Digital Portfolio | TOYOGUARD Platinum | Weather Package - Heated Leather-Trimmed
2024-12-12,JTMAB3FV9RD234355,2024,RAV4 Prime SE,Available,False,At dealer,47374,Silver Sky Metallic,Black Fabric,2112,Romeo Toyota of Glens Falls,https://www.romeotoyotaofglensfalls.com,True,50 State Emissions | All-Weather Liner Package[installed_msrp] | Roof Rack Cross Bars[installed_msrp] | Weather & Moonroof Package
2024-12-12,JTMEB3FV7RD234100,2024,RAV4 Prime XSE,Available,False,At dealer,50302,Blueprint/Midnight Black Metallic Roof,Black Mixed Media,1476,Fred Haas Toyota Country,https://www.fredhaastoyotacountry.com,True,** -Port Installed (AWD) | ** -Port Installed (CN) | ** -Port Installed (PRM) | 50 State Emissions | All-Weather Liner Package: | Connectivity Kit | Door Sill Protectors | Mud Guards | PDS - with Texas State Inspection | Vehicle Fueling (4 Gal.) | Vehicle Protection Package
2024-12-12,JTMEB3FV8RD232601,2024,RAV4 Prime XSE,DealerHold,False,At dealer,50561,Magnetic Gray Metallic/Midnight Black Metallic Roof,Black Mixed Media,1376,Red McCombs Toyota,https://www.redmccombstoyota.com,True,** -Port Installed (AWD) | ** -Port Installed (CN) | ** -Port Installed (PRM) | 50 State Emissions | All-Weather Liner Package: | Body Side Molding | Connectivity Kit | Door Sill Protectors | Durability Protection Package | Mud Guards | Owner's Portfolio | PDS - with Texas State Inspection | Vehicle Fueling (4 Gal.) | Vehicle Protection Package | Window Tint
2024-12-12,JTMFB3FV5RD232978,2024,RAV4 Prime XSE,DealerHold,False,At dealer,53584,Wind Chill Pearl/Midnight Black Metallic Roof [extra_cost_color],Black SofTex®&nbsp;[softex],2136,Interstate Toyota,https://www.interstatetoyota.net,True,50 State Emissions | All-Weather Liner Package[installed_msrp] | Alloy Wheel Locks[installed_msrp] | Body Side Moldings[installed_msrp] | Door Edge Guards[installed_msrp] | Mudguards[installed_msrp] | Premium Package | Roof Rack Cross Bars[installed_msrp] | Special Color | Weather Package
2024-12-12,JTMFB3FV7RD230181,2024,RAV4 Prime XSE,DealerHold,False,At dealer,53488,Wind Chill Pearl/Midnight Black Metallic Roof [extra_cost_color],Black SofTex®&nbsp;[softex],2105,Toyota World of Newton,https://www.newtontoyota.com,True,50 State Emissions | All-Weather Liner Package[installed_msrp] | Alloy Wheel Locks[installed_msrp] | Blackout Emblem Overlays[installed_msrp] | Body Side Moldings[installed_msrp] | Door Sill Protectors[installed_msrp] | Mudguards[installed_msrp] | Premium Package | Special Color | Weather Package
2024-12-13,JTMAB3FV8RD234444,2024,RAV4 Prime SE,,False,At dealer,47429,Ice Cap,Black Fabric,2122,Holman Toyota,https://www.holmantoyota.com,False,50 State Emissions | All-Weather Liner Package[installed_msrp] | Alloy Wheel Locks[installed_msrp] | Door Edge Guards[installed_msrp] | Mudguards[installed_msrp] | Weather & Moonroof Package
2024-12-13,JTMCB3FV9RD233148,2024,RAV4 Prime SE,Available,False,At dealer,46962,Ice Cap,Black Fabric,1550,Walker Toyota,https://www.walker-toyota.com,True,** -Port Installed (AWD) | ** -Port Installed (PRM) | 50 State Emissions | Body Side Molding | Connectivity Kit | Door Sill Protectors | Mud Guards | Owner's Portfolio | PDS - Pre Delivery Services | Premium Carpet Mat Set: | Spider Cargo Net | Theft Deterrent | Vehicle Fueling (4 Gal.) | Vehicle Protection Premium Package:
2024-12-13,JTMEB3FV1RD234321,2024,RAV4 Prime XSE,Available,False,At dealer,50561,Magnetic Gray Metallic/Midnight Black Metallic Roof,Black Mixed Media,1480,Don McGill Toyota of Katy,https://www.toyotaofkaty.com,False,** -Port Installed (AWD) | ** -Port Installed (CN) | ** -Port Installed (PRM) | 50 State Emissions | All-Weather Liner Package: | Body Side Molding | Connectivity Kit | Door Sill Protectors | Mud Guards | Owner's Portfolio | Vehicle Fueling (4 Gal.) | Vehicle Protection Package
2024-12-13,JTMEB3FV4RD233020,2024,RAV4 Prime XSE,Available,False,At dealer,50561,Silver Sky Metallic/Midnight Black Metallic Roof,Black Mixed Media,1506,Mike Shaw Toyota,https://www.mikeshawtoyota.com,False,** -Port Installed (AWD) | ** -Port Installed (CN) | ** -Port Installed (PRM) | 50 State Emissions | All-Weather Liner Package: | Body Side Molding | Connectivity Kit | Door Sill Protectors | Mud Guards | Owner's Portfolio | PDS - with Texas State Inspection | Vehicle Fueling (4 Gal.) | Vehicle Protection Package
2024-12-14,JTMAB3FV1RD233880,2024,RAV4 Prime SE,DealerHold,True,At dealer,46925,Magnetic Gray Metallic,Black Fabric,569,Victory Toyota,https://www.victorytoyota.com,False,50 State Emissions | Blackout Emblem Overlays[installed_msrp] | Weather & Moonroof Package
2024-12-14,JTMAB3FV3RD232472,2024,RAV4 Prime SE,Available,False,At dealer,48453,Supersonic Red [extra_cost_color],Black Fabric,1150,Post Oak Toyota,https://www.postoaktoyota.com,True,** -Port Installed (AWD) | ** -Port Installed (PRM) | 50 State Emissions | Body Side Molding | Connectivity Kit | Door Sill Protectors | Mud Guards | Owner's Portfolio | PDS - Pre Delivery Services | Premium Carpet Mat Set: | Special Color | Spider Cargo Net | Vehicle Fueling (4 Gal.) | Weather & Moonroof Package
2024-12-14,JTMAB3FV4RD233467,2024,RAV4 Prime SE,DealerHold,False,At dealer,47923,Magnetic Gray Metallic,Black Fabric,383,Fremont Toyota,https://www.fremonttoyotalander.com,False,50 State Emissions | All-Weather Liner Package[installed_msrp] | Blackout Emblem Overlays[installed_msrp] | Door Edge Guards[installed_msrp] | Mudguards[installed_msrp] | Rear Bumper Applique[installed_msrp] | Roof Rack Cross Bars[installed_msrp] | Weather & Moonroof Package
2024-12-14,JTMAB3FV7RD234497,2024,RAV4 Prime SE,Available,False,At dealer,48156,Magnetic Gray Metallic,Black Fabric,2180,Gettel Toyota of Bradenton,https://www.getteltoyotaofbradenton.com,True,50 State Emissions | 6-Gallons of Gas | All Weather Floor Mats with All Weather Cargo Mat | Multimedia Screen Protector | Phone Cable Charge Package | SET Digital Portfolio | TOYOGUARD Platinum | Weather & Moonroof Package -
2024-12-14,JTMAB3FV8RD233911,2024,RAV4 Prime SE,DealerHold,True,At dealer,48367,Blueprint,Black Fabric,1415,Toyota of Fox Lake,https://www.toyotaoffoxlake.com,True,50 State Emissions | All-Weather Liner Package[installed_msrp] | Alloy Wheel Locks[installed_msrp] | Blackout Emblem Overlays[installed_msrp] | Body Side Moldings[installed_msrp] | Door Edge Guards[installed_msrp] | Door Sill Protectors[installed_msrp] | Fog Light Accent[installed_msrp] | Mudguards[installed_msrp] | Quick Charging Cable Package[installed_msrp] | Rear Bumper Applique[installed_msrp] | Weather & Moonroof Package
2024-12-14,JTMEB3FVXRD232681,2024,RAV4 Prime XSE,Available,False,At dealer,51186,Wind Chill Pearl/Midnight Black Metallic Roof [extra_cost_color],Black Mixed Media,1494,Sterling McCall Toyota,https://www.sterlingmccalltoyota.com,False,** -Port Installed (AWD) | ** -Port Installed (CN) | ** -Port Installed (PRM) | 50 State Emissions | All-Weather Liner Package: | Body Side Molding | Connectivity Kit | Door Sill Protectors | MARKET ADJUSTMENTS  | Mud Guards | Owner's Portfolio | PDS - with Texas State Inspection | Special Color | Vehicle Fueling (4 Gal.) | Vehicle Protection Premium Package: | iKon Wheel Locks Tint RESISTALL
2024-12-14,JTMEB3FVXRD233720,2024,RAV4 Prime XSE,Available,False,At dealer,50361,Magnetic Gray Metallic/Midnight Black Metallic Roof,Black Mixed Media,2181,Gettel Toyota of Lakewood,https://www.getteltoyotaoflakewood.com,True,50 State Emissions | 6-Gallons of Gas | Carpet Floor Mats with Carpet Cargo Mat | Multimedia Screen Protector | Phone Cable Charge Package | SET Digital Portfolio | TOYOGUARD Platinum
2024-12-15,JTMAB3FV1RD234396,2024,RAV4 Prime SE,Available,False,At dealer,49116,Ice Cap,Black Fabric,1446,Chicago Northside Toyota,https://www.chicagotoyota.com,True,50 State Emissions | All-Weather Liner Package[installed_msrp] | Alloy Wheel Locks[installed_msrp] | Body Side Moldings[installed_msrp] | Cargo Net - Spider[installed_msrp] | Door Edge Guards[installed_msrp] | Door Sill Protectors[installed_msrp] | Frameless Homelink® Mirror[installed_msrp] | Mudguards[installed_msrp] | Rear Bumper Applique[installed_msrp] | Roof Rack Cross Bars[installed_msrp] | Running Boards[installed_msrp] | Weather & Moonroof Package
2024-12-16,JTMAB3FV5RD233641,2024,RAV4 Prime SE,Available,False,At dealer,47738,Blueprint,Black Fabric,1819,Diehl Toyota of Hermitage,https://www.diehltoyotaofhermitage.com,False,50 State Emissions | All-Weather Liner Package[installed_msrp] | Door Edge Guards[installed_msrp] | Door Sill Protectors[installed_msrp] | Frameless Homelink® Mirror[installed_msrp] | Mudguards[installed_msrp] | Weather & Moonroof Package
2024-12-16,JTMAB3FVXRD233859,2024,RAV4 Prime SE,,False,At dealer,48483,Supersonic Red [extra_cost_color],Black Fabric,1868,Northtown Toyota,https://www.northtowntoyota.com,True,50 State Emissions | All-Weather Liner Package[installed_msrp] | Alloy Wheel Locks[installed_msrp] | Blackout Emblem Overlays[installed_msrp] | Door Edge Guards[installed_msrp] | Mudguards[installed_msrp] | Quick Charging Cable Package[installed_msrp] | Rear Bumper Applique[installed_msrp] | Roof Rack Cross Bars[installed_msrp] | Special Color | Weather & Moonroof Package
2024-12-16,JTMEB3FV0RD233578,2024,RAV4 Prime XSE,Available,False,At dealer,50986,Wind Chill Pearl/Midnight Black Metallic Roof [extra_cost_color],Black Mixed Media,1525,Hixson Toyota,https://www.hixsontoyota.com,True,** -Port Installed (AWD) | ** -Port Installed (CN) | ** -Port Installed (PRM) | 50 State Emissions | All-Weather Liner Package: | Body Side Molding | Connectivity Kit | Door Sill Protectors | Mud Guards | PDS - Pre Delivery Services | Special Color | Vehicle Fueling (4 Gal.) | Vehicle Protection Package
2024-12-16,JTMEB3FV2RD233842,2024,RAV4 Prime XSE,DealerHold,False,At dealer,50544,Silver Sky Metallic/Midnight Black Metallic Roof,Black Mixed Media,2321,Down East Toyota,https://www.downeasttoyota.com,False,50 State Emissions | All-Weather Liner Package[installed_msrp] | Mudguards[installed_msrp] | Rear Outboard Heated Seating | Roof Rack Cross Bars[installed_msrp] | Weather Package
2024-12-17,JTMAB3FV3RD233279,2024,RAV4 Prime SE,,False,At dealer,47453,Magnetic Gray Metallic,Black Fabric,1378,Jay Wolfe Toyota of West County,https://www.toyotaofwestcounty.com,False,50 State Emissions | All-Weather Liner Package[installed_msrp] | Blackout Emblem Overlays[installed_msrp] | Mudguards[installed_msrp] | Rear Bumper Applique[installed_msrp] | Weather & Moonroof Package
2024-12-17,JTMAB3FV3RD234397,2024,RAV4 Prime SE,Available,False,At dealer,47384,Ice Cap,Black Fabric,868,Hatch Toyota Stateline,https://www.hatchtoyotastateline.com,False,50 State Emissions | All-Weather Liner Package[installed_msrp] | Blackout Emblem Overlays[installed_msrp] | Mudguards[installed_msrp] | Weather & Moonroof Package
2024-12-17,JTMAB3FV5RD233705,2024,RAV4 Prime SE,,False,At dealer,47374,Midnight Black Metallic,Black Fabric,2213,Westbrook Toyota,https://www.westbrooktoyota.com,False,50 State Emissions | All-Weather Liner Package[installed_msrp] | Owner's Portfolio | Roof Rack Cross Bars[installed_msrp] | Weather & Moonroof Package
2024-12-17,JTMAB3FVXRD233828,2024,RAV4 Prime SE,,False,At dealer,48233,Silver Sky Metallic,Black Fabric,2191,Sunrise Toyota,https://www.sunrisetoyota.com,True,50 State Emissions | All-Weather Liner Package[installed_msrp] | Alloy Wheel Locks[installed_msrp] | Blackout Emblem Overlays[installed_msrp] | Door Edge Guards[installed_msrp] | Frameless Homelink® Mirror[installed_msrp] | Mudguards[installed_msrp] | Quick Charging Cable Package[installed_msrp] | Rear Bumper Applique[installed_msrp] | Roof Rack Cross Bars[installed_msrp] | Weather & Moonroof Package
2024-12-17,JTMEB3FV9RD233031,2024,RAV4 Prime XSE,,False,At dealer,51142,Blueprint/Midnight Black Metallic Roof,Black Mixed Media,2117,Pearson Toyota,https://www.pearsontoyotascion.com,True,50 State Emissions | All-Weather Liner Package[installed_msrp] | Blackout Emblem Overlays[installed_msrp] | Door Edge Guards[installed_msrp] | Door Sill Protectors[installed_msrp] | Mudguards[installed_msrp] | Rear Bumper Applique[installed_msrp] | Rear Outboard Heated Seating | Roof Rack Cross Bars[installed_msrp] | Weather Package
2024-12-19,JTMAB3FV3RD234187,2024,RAV4 Prime SE,Available,False,At dealer,47628,Blueprint,Black Fabric,1870,Basil Toyota,https://www.basiltoyota.com,True,50 State Emissions | All-Weather Liner Package[installed_msrp] | Alloy Wheel Locks[installed_msrp] | Door Edge Guards[installed_msrp] | Door Sill Protectors[installed_msrp] | Mudguards[installed_msrp] | Weather & Moonroof Package
2024-12-19,JTMAB3FV4RD232352,2024,RAV4 Prime SE,Available,False,At dealer,47059,Ice Cap,Black Fabric,1164,Quality Toyota of Independence,https://www.quality-toyota.com,False,50 State Emissions | All-Weather Liner Package[installed_msrp] | Weather & Moonroof Package
2024-12-19,JTMEB3FV7RD234145,2024,RAV4 Prime XSE,Available,False,At dealer,50892,Magnetic Gray Metallic/Midnight Black Metallic Roof,Black Mixed Media,2173,New Country Toyota of Westport,https://www.newcountrywestporttoyota.com,True,50 State Emissions | All-Weather Liner Package[installed_msrp] | Alloy Wheel Locks[installed_msrp] | Blackout Emblem Overlays[installed_msrp] | Door Edge Guards[installed_msrp] | Door Sill Protectors[installed_msrp] | Mudguards[installed_msrp] | Rear Bumper Applique[installed_msrp] | Rear Outboard Heated Seating | Weather Package
2024-12-19,JTMEB3FV9RD234115,2024,RAV4 Prime XSE,Available,False,At dealer,50898,Wind Chill Pearl/Midnight Black Metallic Roof [extra_cost_color],Black Mixed Media,1230,Frank Fletcher Toyota,https://www.fletcher-toyota.com,True,50 State Emissions | All-Weather Liner Package[installed_msrp] | Blackout Emblem Overlays[installed_msrp] | Mudguards[installed_msrp] | Rear Bumper Applique[installed_msrp] | Rear Outboard Heated Seating | Special Color | Weather Package
2024-12-20,JTMEB3FV8RD232100,2024,RAV4 Prime XSE,Available,False,At dealer,50579,Magnetic Gray Metallic/Midnight Black Metallic Roof,Black Mixed Media,691,Amigo Toyota,https://www.amigotoyota.com,False,50 State Emissions | All-Weather Liner Package[installed_msrp] | Blackout Emblem Overlays[installed_msrp] | Connected Services Trial Offering: 2 addt'l yrs of Drive Connect & Remote Connect[installed_msrp] | Owner's Portfolio | Rear Outboard Heated Seating | Weather Package
2024-12-20,JTMFB3FV2RD233103,2024,RAV4 Prime XSE,DealerHold,False,At dealer,53398,Supersonic Red/Midnight Black Metallic Roof [extra_cost_color],Black SofTex®&nbsp;[softex],2047,Motorworld Toyota,https://www.motorworldtoyota.com,False,50 State Emissions | All-Weather Liner Package[installed_msrp] | Blackout Emblem Overlays[installed_msrp] | Door Edge Guards[installed_msrp] | Door Sill Protectors[installed_msrp] | Mudguards[installed_msrp] | Premium Package | Quick Charging Cable Package[installed_msrp] | Special Color | Weather Package
2024-12-21,JTMAB3FV3RD233816,2024,RAV4 Prime SE,Available,False,At dealer,48852,Supersonic Red [extra_cost_color],Black Fabric,1280,Family Toyota of Arlington,https://www.familytoyotaofarlington.com,True,** -Port Installed (AWD) | ** -Port Installed (PRM) | 50 State Emissions | Body Side Molding | Connectivity Kit | Door Sill Protectors | Mud Guards | PDS - with Texas State Inspection | Premium Carpet Mat Set: | Special Color | Spider Cargo Net | Vehicle Fueling (4 Gal.) | Vehicle Protection Package | Weather & Moonroof Package
2024-12-21,JTMAB3FV6RD233891,2024,RAV4 Prime SE,Available,False,At dealer,48715,Magnetic Gray Metallic,Black Fabric,1479,Fred Haas Toyota World,https://www.fredhaastoyota.com,False,** -Port Installed (AWD) | ** -Port Installed (PRM) | 50 State Emissions | Body Side Molding | Connectivity Kit | Door Sill Protectors | Mud Guards | Owner's Portfolio | PDS - Pre Delivery Services | Premium Carpet Mat Set: | Rear Cargo Organizer | Vehicle Fueling (4 Gal.) | Vehicle Protection Premium Package: | Weather & Moonroof Package
2024-12-23,JTMAB3FV1RD234494,2024,RAV4 Prime SE,,False,At dealer,48243,Ice Cap,Black Fabric,2191,Sunrise Toyota,https://www.sunrisetoyota.com,True,50 State Emissions | All-Weather Liner Package[installed_msrp] | Body Side Moldings[installed_msrp] | Door Edge Guards[installed_msrp] | Frameless Homelink® Mirror[installed_msrp] | Mudguards[installed_msrp] | Quick Charging Cable Package[installed_msrp] | Rear Bumper Applique[installed_msrp] | Roof Rack Cross Bars[installed_msrp] | Weather & Moonroof Package
2024-12-23,JTMAB3FV6RD234488,2024,RAV4 Prime SE,Available,False,At dealer,47614,Magnetic Gray Metallic,Black Fabric,2158,Toyota City,https://www.toyotacityny.com,True,50 State Emissions | All-Weather Liner Package[installed_msrp] | Body Side Moldings[installed_msrp] | Door Edge Guards[installed_msrp] | Mudguards[installed_msrp] | Weather & Moonroof Package
2024-12-23,JTMAB3FV8RD234475,2024,RAV4 Prime SE,DealerHold,False,At dealer,47433,Ice Cap,Black Fabric,1978,Fox Toyota,https://www.fox-toyota.com,False,50 State Emissions | All-Weather Liner Package[installed_msrp] | Door Edge Guards[installed_msrp] | Mudguards[installed_msrp] | Rear Bumper Applique[installed_msrp] | Weather & Moonroof Package
2024-12-23,JTMAB3FV9RD233304,2024,RAV4 Prime SE,DealerHold,False,At dealer,48018,Blueprint,Black Fabric,1021,Baxter Toyota of Lincoln,https://www.toyotaoflincoln.com,True,50 State Emissions | All-Weather Liner Package[installed_msrp] | Door Edge Guards[installed_msrp] | First Aid Kit w/ PPE[installed_msrp] | Frameless Homelink® Mirror[installed_msrp] | Mudguards[installed_msrp] | Quick Charging Cable Package[installed_msrp] | Rear Bumper Applique[installed_msrp] | Roof Rack Cross Bars[installed_msrp] | Weather & Moonroof Package
2024-12-23,JTMEB3FV0RD232849,2024,RAV4 Prime XSE,,False,At dealer,49532,Magnetic Gray Metallic/Midnight Black Metallic Roof,Black Mixed Media,1287,Reliable Toyota,https://www.reliabletoyotamo.com,False,50 State Emissions | All-Weather Liner Package[installed_msrp] | Door Sill Protectors[installed_msrp] | Rear Bumper Applique[installed_msrp]
2024-12-23,JTMEB3FV6RD234315,2024,RAV4 Prime XSE,Available,False,At dealer,51038,Magnetic Gray Metallic/Midnight Black Metallic Roof,Black Mixed Media,2127,Newburgh Toyota,https://www.newburghtoyota.com,True,50 State Emissions | All-Weather Liner Package[installed_msrp] | Blackout Emblem Overlays[installed_msrp] | Body Side Moldings[installed_msrp] | Mudguards[installed_msrp] | Owner's Portfolio | Rear Bumper Applique[installed_msrp] | Rear Outboard Heated Seating | Roof Rack Cross Bars[installed_msrp] | Weather Package
2024-12-24,JTMAB3FV4RD234389,2024,RAV4 Prime SE,DealerHold,False,At dealer,47593,Midnight Black Metallic,Black Fabric,2222,Herb Chambers Toyota of Auburn,https://www.herbchamberstoyotaofauburn.com,False,50 State Emissions | All-Weather Liner Package[installed_msrp] | Alloy Wheel Locks[installed_msrp] | Body Side Moldings[installed_msrp] | Mudguards[installed_msrp] | Rear Bumper Applique[installed_msrp] | Weather & Moonroof Package
2024-12-24,JTMAB3FV7RD233009,2024,RAV4 Prime SE,DealerHold,False,At dealer,48204,Supersonic Red [extra_cost_color],Black Fabric,2044,LeadCar Toyota Hazleton,https://www.leadcartoyotahazleton.com,False,50 State Emissions | All-Weather Liner Package[installed_msrp] | Alloy Wheel Locks[installed_msrp] | Blackout Emblem Overlays[installed_msrp] | Door Edge Guards[installed_msrp] | Frameless Homelink® Mirror[installed_msrp] | Mudguards[installed_msrp] | Special Color | Weather & Moonroof Package
2024-12-24,JTMEB3FV6RD234329,2024,RAV4 Prime XSE,,False,At dealer,51713,Wind Chill Pearl/Midnight Black Metallic Roof [extra_cost_color],Black Mixed Media,1838,Victory Toyota Highlands,https://www.victorytoyotahighlands.com,False,50 State Emissions | All-Weather Liner Package[installed_msrp] | Blackout Emblem Overlays[installed_msrp] | Body Side Moldings[installed_msrp] | Door Edge Guards[installed_msrp] | First Aid Kit w/ PPE[installed_msrp] | Mudguards[installed_msrp] | Owner's Portfolio | Quick Charging Cable Package[installed_msrp] | Rear Bumper Applique[installed_msrp] | Rear Outboard Heated Seating | Roof Rack Cross Bars[installed_msrp] | Special Color | Weather Package
2024-12-25,JTMEB3FV7RD230175,2024,RAV4 Prime XSE,,False,At dealer,51702,Magnetic Gray Metallic/Midnight Black Metallic Roof,Black Mixed Media,1442,Toyota of Lincolnwood,https://www.toyotalincolnwood.com,True,50 State Emissions | All-Weather Liner Package[installed_msrp] | Alloy Wheel Locks[installed_msrp] | Blackout Emblem Overlays[installed_msrp] | Body Side Moldings[installed_msrp] | Door Edge Guards[installed_msrp] | Door Sill Protectors[installed_msrp] | Fog Light Accent[installed_msrp] | Mudguards[installed_msrp] | Quick Charging Cable Package[installed_msrp] | Rear Bumper Applique[installed_msrp] | Rear Outboard Heated Seating | Roof Rack Cross Bars[installed_msrp] | Weather Package
2024-12-26,JTMEB3FV6RD234282,2024,RAV4 Prime XSE,Available,False,At dealer,51052,Magnetic Gray Metallic/Midnight Black Metallic Roof,Black Mixed Media,2266,Berlin City Toyota of Portland,https://www.berlincitytoyotame.com,True,50 State Emissions | All-Weather Liner Package[installed_msrp] | Alloy Wheel Locks[installed_msrp] | Blackout Emblem Overlays[installed_msrp] | Door Sill Protectors[installed_msrp] | Mudguards[installed_msrp] | Rear Bumper Applique[installed_msrp] | Rear Outboard Heated Seating | Roof Rack Cross Bars[installed_msrp] | Weather Package
2024-12-27,JTMAB3FVXRD234476,2024,RAV4 Prime SE,,False,At dealer,47373,Ice Cap,Black Fabric,2228,Girard Toyota-BMW,https://www.girardtoyota.com,False,50 State Emissions | All-Weather Liner Package[installed_msrp] | Alloy Wheel Locks[installed_msrp] | Door Edge Guards[installed_msrp] | First Aid Kit w/ PPE[installed_msrp] | Rear Bumper Applique[installed_msrp] | Weather & Moonroof Package
2024-12-27,JTMFB3FVXRD234032,2024,RAV4 Prime XSE,Available,False,At dealer,52938,Blueprint/Midnight Black Metallic Roof,Black SofTex®&nbsp;[softex],1859,Luv Toyota,https://www.luvtoyota.com,True,50 State Emissions | All-Weather Liner Package[installed_msrp] | Blackout Emblem Overlays[installed_msrp] | Door Edge Guards[installed_msrp] | Premium Package | Rear Bumper Applique[installed_msrp] | Roof Rack Cross Bars[installed_msrp] | Weather Package
2024-12-29,JTMAB3FVXRD234333,2024,RAV4 Prime SE,,False,At dealer,48293,Silver Sky Metallic,Black Fabric,2213,Westbrook Toyota,https://www.westbrooktoyota.com,False,"50 State Emissions | All-Weather Liner Package[installed_msrp] | Blackout Emblem Overlays[installed_msrp] | Owner's Portfolio | Paint Protection Film (Hood, Fenders, Mirror Backs & Door Cups)[installed_msrp] | Protection Package[installed_msrp] | Weather & Moonroof Package"
2024-12-30,JTMAB3FV0RD234504,2024,RAV4 Prime SE,DealerHold,False,At dealer,48238,Ice Cap,Black Fabric,2171,Westbury Toyota,https://www.westburytoyota.com,True,50 State Emissions | All-Weather Liner Package[installed_msrp] | Alloy Wheel Locks[installed_msrp] | Body Side Moldings[installed_msrp] | Door Edge Guards[installed_msrp] | Frameless Homelink® Mirror[installed_msrp] | Mudguards[installed_msrp] | Rear Bumper Applique[installed_msrp] | Roof Rack Cross Bars[installed_msrp] | Weather & Moonroof Package
2024-12-31,JTMAB3FV0RD234261,2024,RAV4 Prime SE,,False,At dealer,48238,Blueprint,Black Fabric,2184,Atlantic Toyota,https://www.atlantictoyotany.com,False,50 State Emissions | All-Weather Liner Package[installed_msrp] | Alloy Wheel Locks[installed_msrp] | Body Side Moldings[installed_msrp] | Door Edge Guards[installed_msrp] | Frameless Homelink® Mirror[installed_msrp] | Mudguards[installed_msrp] | Rear Bumper Applique[installed_msrp] | Roof Rack Cross Bars[installed_msrp] | Weather & Moonroof Package
2024-12-31,JTMAB3FVXRD233831,2024,RAV4 Prime SE,,False,At dealer,47808,Ice Cap,Black Fabric,2007,Aubrey Alexander Toyota,https://www.aubreyalexandertoyota.com,False,50 State Emissions | All-Weather Liner Package[installed_msrp] | Door Edge Guards[installed_msrp] | Door Sill Protectors[installed_msrp] | Frameless Homelink® Mirror[installed_msrp] | Mudguards[installed_msrp] | Quick Charging Cable Package[installed_msrp] | Weather & Moonroof Package
2024-12-31,JTMEB3FV8RD233635,2024,RAV4 Prime XSE,Available,True,At dealer,50828,Silver Sky Metallic/Midnight Black Metallic Roof,Black Mixed Media,2058,Performance Motors Toyota,https://www.performancetoyotapa.com,False,50 State Emissions | All-Weather Liner Package[installed_msrp] | Blackout Emblem Overlays[installed_msrp] | Door Edge Guards[installed_msrp] | Door Sill Protectors[installed_msrp] | Mudguards[installed_msrp] | Quick Charging Cable Package[installed_msrp] | Rear Outboard Heated Seating | Weather Package
2025-01-01,JTMAB3FV6RD234183,2024,RAV4 Prime SE,Available,False,At dealer,47632,Blueprint,Black Fabric,2242,McGee Toyota of Epping,https://www.mcgeetoyotaofepping.com,True,50 State Emissions | All-Weather Liner Package[installed_msrp] | Door Edge Guards[installed_msrp] | Door Sill Protectors[installed_msrp] | Mudguards[installed_msrp] | Rear Bumper Applique[installed_msrp] | Weather & Moonroof Package
2025-01-08,JTMAB3FV9RD233996,2024,RAV4 Prime SE,Available,False,At dealer,47678,Ice Cap,Black Fabric,1643,Beaman Toyota,https://www.beamantoyota.com,False,50 State Emissions | All-Weather Liner Package[installed_msrp] | Door Edge Guards[installed_msrp] | Frameless Homelink® Mirror[installed_msrp] | Mudguards[installed_msrp] | Quick Charging Cable Package[installed_msrp] | Rear Bumper Applique[installed_msrp] | Weather & Moonroof Package
2025-01-08,JTMEB3FV4RD233499,2024,RAV4 Prime XSE,Available,False,At dealer,50079,Silver Sky Metallic/Midnight Black Metallic Roof,Black Mixed Media,1557,Peppers Toyota,https://www.pepperstoyota.com,True,50 State Emissions | All-Weather Liner Package[installed_msrp] | Rear Outboard Heated Seating | Weather Package
2025-01-08,JTMEB3FV4RD234197,2024,RAV4 Prime XSE,,False,At dealer,50898,Wind Chill Pearl/Midnight Black Metallic Roof [extra_cost_color],Black Mixed Media,1514,Coad Toyota Paducah,https://www.coadtoyotapaducah.com,True,50 State Emissions | All-Weather Liner Package[installed_msrp] | Blackout Emblem Overlays[installed_msrp] | Brake Plus | Mudguards[installed_msrp] | Rear Bumper Applique[installed_msrp] | Rear Outboard Heated Seating | Special Color | Weather Package
2025-01-08,JTMEB3FV9RD230162,2024,RAV4 Prime XSE,Available,False,At dealer,49862,Silver Sky Metallic/Midnight Black Metallic Roof,Black Mixed Media,1965,Peter Boulware Toyota,https://www.peterboulwaretoyota.com,False,50 State Emissions | 6-Gallons of Gas | Multimedia Screen Protector | Phone Cable Charge Package | SET Digital Portfolio | TOYOGUARD Platinum
2025-01-08,JTMFB3FV4RD234091,2024,RAV4 Prime XSE,DealerHold,False,At dealer,55110,Magnetic Gray Metallic/Midnight Black Metallic Roof,Black SofTex®&nbsp;[softex],1446,Orland Toyota,https://www.orlandtoyota.com,True,"50 State Emissions | All-Weather Liner Package[installed_msrp] | Alloy Wheel Locks[installed_msrp] | Blackout Emblem Overlays[installed_msrp] | Body Side Moldings[installed_msrp] | Connected Services Trial Offering: 2 addt'l yrs of Drive Connect & Remote Connect[installed_msrp] | Door Edge Guards[installed_msrp] | Door Sill Protectors[installed_msrp] | First Aid Kit w/ PPE[installed_msrp] | Fog Light Accent[installed_msrp] | Integrated Dashcam[installed_msrp] | Mudguards[installed_msrp] | Owner's Portfolio | Paint Protection Film (Hood, Fenders, Mirror Backs & Door Cups)[installed_msrp] | Premium Package | Quick Charging Cable Package[installed_msrp] | Rear Bumper Applique[installed_msrp] | Roof Rack Cross Bars[installed_msrp] | Universal Tablet Holder[installed_msrp] | Weather Package"
2025-01-09,JTMEB3FVXRD233958,2024,RAV4 Prime XSE,,False,At dealer,50618,Magnetic Gray Metallic/Midnight Black Metallic Roof,Black Mixed Media,1152,Legends Toyota,https://www.legendstoyota.com,True,50 State Emissions | All-Weather Liner Package[installed_msrp] | Door Edge Guards[installed_msrp] | Rear Bumper Applique[installed_msrp] | Rear Outboard Heated Seating | Roof Rack Cross Bars[installed_msrp] | Weather Package
2025-01-10,JTMAB3FV5RD230643,2024,RAV4 Prime SE,DealerHold,False,At dealer,47274,Midnight Black Metallic,Black Fabric,1923,Bob Johnson Toyota,https://www.bobjohnsontoyota.com,True,50 State Emissions | All-Weather Liner Package[installed_msrp] | Alloy Wheel Locks[installed_msrp] | Mudguards[installed_msrp] | Owner's Portfolio | Weather & Moonroof Package
2025-01-11,JTMEB3FV3RD231159,2024,RAV4 Prime XSE,Available,False,Port to dealer,52451,Silver Sky Metallic/Midnight Black Metallic Roof,Black Mixed Media,1526,Fox Toyota of Cadillac,https://www.foxtoyotaofcadillac.com,True,"50 State Emissions | All-Weather Liner Package[installed_msrp] | Blackout Emblem Overlays[installed_msrp] | Body Side Moldings[installed_msrp] | Door Edge Guards[installed_msrp] | Door Sill Protectors[installed_msrp] | Mudguards[installed_msrp] | Paint Protection Film (Hood, Fenders, Mirror Backs & Door Cups)[installed_msrp] | Rear Bumper Applique[installed_msrp] | Rear Outboard Heated Seating | Roof Rack Cross Bars[installed_msrp] | Running Boards[installed_msrp] | Weather Package"
2025-01-16,JTMAB3FV9RD230306,2024,RAV4 Prime SE,DealerHold,False,Port to dealer,47652,Silver Sky Metallic,Black Fabric,1076,Eddy's Toyota of Wichita,https://www.eddystoyota.com,False,50 State Emissions | All-Weather Liner Package[installed_msrp] | Blackout Emblem Overlays[installed_msrp] | Door Sill Protectors[installed_msrp] | Mudguards[installed_msrp] | Rear Bumper Applique[installed_msrp] | Weather & Moonroof Package
2025-02-02,JTMAB3FV3RD233718,2024,RAV4 Prime SE,DealerHold,False,Port to dealer,47624,Ice Cap,Black Fabric,1411,Sam Leman Toyota Bloomington,https://www.samlemantoyotabloomington.com,False,50 State Emissions | All-Weather Liner Package[installed_msrp] | Alloy Wheel Locks[installed_msrp] | Blackout Emblem Overlays[installed_msrp] | Frameless Homelink® Mirror[installed_msrp] | Mudguards[installed_msrp] | Weather & Moonroof Package
2025-03-03,JTMEB3FV6RD231687,2024,RAV4 Prime XSE,DealerHold,False,Factory to port,50144,Blueprint/Midnight Black Metallic Roof,Black Mixed Media,1746,Coughlin Toyota,https://www.coughlintoyota.com,True,50 State Emissions | All-Weather Liner Package[installed_msrp] | Alloy Wheel Locks[installed_msrp] | Rear Outboard Heated Seating | Weather Package
Unknown,JTMAB3FV0RD227004,2024,RAV4 Prime SE,,False,At dealer,48517,Supersonic Red [extra_cost_color],Black Fabric,1958,Nelson Toyota,https://www.toyotasbynelson.com,False,50 State Emissions | All-Weather Liner Package[installed_msrp] | Blackout Emblem Overlays[installed_msrp] | Body Side Moldings[installed_msrp] | Cargo Net - Spider[installed_msrp] | Door Sill Protectors[installed_msrp] | Fog Light Accent[installed_msrp] | Frameless Homelink® Mirror[installed_msrp] | Special Color | Weather & Moonroof Package
Unknown,JTMAB3FV2RD231054,2024,RAV4 Prime SE,Available,False,At dealer,47429,Silver Sky Metallic,Black Fabric,2088,Sloane Toyota of Malvern,https://www.sloanetoyotamalvern.com,True,50 State Emissions | All-Weather Liner Package[installed_msrp] | Alloy Wheel Locks[installed_msrp] | Door Edge Guards[installed_msrp] | Mudguards[installed_msrp] | Weather & Moonroof Package
Unknown,JTMAB3FV4RD225353,2024,RAV4 Prime SE,,False,At dealer,47652,Ice Cap,Black Fabric,1657,Thayer Toyota,https://www.thayertoyota.com,True,50 State Emissions | All-Weather Liner Package[installed_msrp] | Blackout Emblem Overlays[installed_msrp] | Door Sill Protectors[installed_msrp] | Mudguards[installed_msrp] | Rear Bumper Applique[installed_msrp] | Weather & Moonroof Package
Unknown,JTMAB3FV4RD226003,2024,RAV4 Prime SE,DealerHold,False,At dealer,48082,Ice Cap,Black Fabric,2254,Grieco Toyota,https://www.griecotoyota.com,False,50 State Emissions | All-Weather Liner Package[installed_msrp] | Alloy Wheel Locks[installed_msrp] | Door Edge Guards[installed_msrp] | Door Sill Protectors[installed_msrp] | Mudguards[installed_msrp] | Quick Charging Cable Package[installed_msrp] | Rear Bumper Applique[installed_msrp] | Roof Rack Cross Bars[installed_msrp] | Weather & Moonroof Package
Unknown,JTMAB3FV4RD228401,2024,RAV4 Prime SE,Available,False,At dealer,47679,Silver Sky Metallic,Black Fabric,2209,Riverhead Toyota,https://www.riverheadtoyota.com,True,50 State Emissions | All-Weather Liner Package[installed_msrp] | Owner's Portfolio | Protection Package[installed_msrp] | Weather & Moonroof Package
Unknown,JTMAB3FV5RD217875,2024,RAV4 Prime SE,DealerHold,False,At dealer,49255,Supersonic Red [extra_cost_color],Black Fabric,1486,Don McGill Toyota,https://www.donmcgilltoyota.com,False,** -Port Installed (AWD) | ** -Port Installed (PRM) | 50 State Emissions | All-Weather Liner Package: | Body Side Molding | Connectivity Kit | Cross Bars for Roof Rail | Don McGill Protection Package | Door Sill Protectors | MODEL PREMIUM | Mud Guards | Owner's Portfolio | Rear Cargo Organizer | Special Color | Vehicle Fueling (4 Gal.) | Vehicle Protection Package | Weather & Moonroof Package
Unknown,JTMAB3FV5RD228813,2024,RAV4 Prime SE,DealerHold,False,At dealer,47209,Magnetic Gray Metallic,Black Fabric,2010,Bobby Rahal Toyota,https://www.bobbyrahaltoyota.com,False,50 State Emissions | All-Weather Liner Package[installed_msrp] | Mudguards[installed_msrp] | Owner's Portfolio | Weather & Moonroof Package
Unknown,JTMAB3FV5RD229265,2024,RAV4 Prime SE,,False,At dealer,47789,Silver Sky Metallic,Black Fabric,2123,Prestige Toyota,https://www.prestigetoyota-ny.com,True,50 State Emissions | All-Weather Liner Package[installed_msrp] | Blackout Emblem Overlays[installed_msrp] | Body Side Moldings[installed_msrp] | Door Edge Guards[installed_msrp] | Mudguards[installed_msrp] | Weather & Moonroof Package
Unknown,JTMAB3FV7RD229512,2024,RAV4 Prime SE,DealerHold,False,At dealer,48077,Midnight Black Metallic,Black Fabric,1424,Schaumburg Toyota,https://www.schaumburgtoyota.com,True,50 State Emissions | All-Weather Liner Package[installed_msrp] | Blackout Emblem Overlays[installed_msrp] | Body Side Moldings[installed_msrp] | Door Sill Protectors[installed_msrp] | Fog Light Accent[installed_msrp] | Mudguards[installed_msrp] | Rear Bumper Applique[installed_msrp] | Weather & Moonroof Package | pRO-TAC Protection And service Package
Unknown,JTMAB3FV8RD230071,2024,RAV4 Prime SE,,False,At dealer,48414,Ice Cap,Black Fabric,1856,Jim Shorkey Toyota,https://www.jimshorkeytoyota.com,True,50 State Emissions | All-Weather Liner Package[installed_msrp] | Alloy Wheel Locks[installed_msrp] | Blackout Emblem Overlays[installed_msrp] | Body Side Moldings[installed_msrp] | Door Edge Guards[installed_msrp] | Frameless Homelink® Mirror[installed_msrp] | Mudguards[installed_msrp] | Quick Charging Cable Package[installed_msrp] | Roof Rack Cross Bars[installed_msrp] | Weather & Moonroof Package
Unknown,JTMEB3FV0RD218062,2024,RAV4 Prime XSE,Available,False,At dealer,51501,Supersonic Red/Midnight Black Metallic Roof [extra_cost_color],Black Mixed Media,1550,Walker Toyota,https://www.walker-toyota.com,True,** -Port Installed (AWD) | ** -Port Installed (CN) | ** -Port Installed (PRM) | 50 State Emissions | All-Weather Liner Package: | Body Side Molding | Connectivity Kit | Cross Bars for Roof Rail | Door Sill Protectors | Mud Guards | Owner's Portfolio | PDS - Pre Delivery Services | Special Color | Theft Deterrent | Vehicle Fueling (4 Gal.) | Vehicle Protection Premium Package:
Unknown,JTMEB3FV0RD226937,2024,RAV4 Prime XSE,Available,False,At dealer,50654,Wind Chill Pearl/Midnight Black Metallic Roof [extra_cost_color],Black Mixed Media,2166,Toyota of Stamford,https://www.toyotaofstamford.com,False,50 State Emissions | All-Weather Liner Package[installed_msrp] | Mudguards[installed_msrp] | Rear Outboard Heated Seating | Special Color | Weather Package
Unknown,JTMEB3FV0RD231734,2024,RAV4 Prime XSE,DealerHold,False,At dealer,50778,Silver Sky Metallic/Midnight Black Metallic Roof,Black Mixed Media,339,Wilsonville Toyota,https://www.wilsonvilletoyota.com/,False,50 State Emissions | All-Weather Liner Package[installed_msrp] | Blackout Emblem Overlays[installed_msrp] | Door Sill Protectors[installed_msrp] | Fog Light Accent[installed_msrp] | Mudguards[installed_msrp] | Rear Outboard Heated Seating | Weather Package
Unknown,JTMEB3FV0RD233662,2024,RAV4 Prime XSE,,False,At dealer,51742,Wind Chill Pearl/Midnight Black Metallic Roof [extra_cost_color],Black Mixed Media,1450,Toyota on Western,https://www.toyotaonwestern.com,True,50 State Emissions | All-Weather Liner Package[installed_msrp] | Alloy Wheel Locks[installed_msrp] | Blackout Emblem Overlays[installed_msrp] | Body Side Moldings[installed_msrp] | Door Edge Guards[installed_msrp] | Door Sill Protectors[installed_msrp] | Fog Light Accent[installed_msrp] | Mudguards[installed_msrp] | Rear Bumper Applique[installed_msrp] | Rear Outboard Heated Seating | Special Color | Weather Package
Unknown,JTMEB3FV1RD222914,2024,RAV4 Prime XSE,DealerHold,False,At dealer,50654,Wind Chill Pearl/Midnight Black Metallic Roof [extra_cost_color],Black Mixed Media,2321,Down East Toyota,https://www.downeasttoyota.com,False,50 State Emissions | All-Weather Liner Package[installed_msrp] | Mudguards[installed_msrp] | Rear Outboard Heated Seating | Special Color | Weather Package
Unknown,JTMEB3FV3RD216497,2024,RAV4 Prime XSE,Available,False,At dealer,51018,Blueprint/Midnight Black Metallic Roof,Black Mixed Media,1439,Toyota on Edens,https://www.toyotaonedens.com,True,50 State Emissions | All-Weather Liner Package[installed_msrp] | Body Side Moldings[installed_msrp] | Door Edge Guards[installed_msrp] | Mudguards[installed_msrp] | Rear Bumper Applique[installed_msrp] | Rear Outboard Heated Seating | Roof Rack Cross Bars[installed_msrp] | Weather Package
Unknown,JTMEB3FV6RD232290,2024,RAV4 Prime XSE,DealerHold,False,At dealer,50829,Wind Chill Pearl/Midnight Black Metallic Roof [extra_cost_color],Black Mixed Media,2321,Down East Toyota,https://www.downeasttoyota.com,False,50 State Emissions | All-Weather Liner Package[installed_msrp] | Blackout Emblem Overlays[installed_msrp] | Mudguards[installed_msrp] | Rear Outboard Heated Seating | Special Color | Weather Package
Unknown,JTMEB3FV7RD227521,2024,RAV4 Prime XSE,,False,At dealer,51299,Wind Chill Pearl/Midnight Black Metallic Roof [extra_cost_color],Black Mixed Media,2138,"Glen Motors, Inc.",https://www.glentoyota.com,True,50 State Emissions | All-Weather Liner Package[installed_msrp] | Blackout Emblem Overlays[installed_msrp] | Door Edge Guards[installed_msrp] | Mudguards[installed_msrp] | Rear Outboard Heated Seating | Roof Rack Cross Bars[installed_msrp] | Special Color | Weather Package
Unknown,JTMEB3FV8RD230752,2024,RAV4 Prime XSE,DealerHold,False,At dealer,51114,Blueprint/Midnight Black Metallic Roof,Black Mixed Media,1320,Seeger Toyota of St. Robert,https://www.seegertoyota.net,False,50 State Emissions | All-Weather Liner Package[installed_msrp] | Alloy Wheel Locks[installed_msrp] | Blackout Emblem Overlays[installed_msrp] | Door Edge Guards[installed_msrp] | Fog Light Accent[installed_msrp] | Mudguards[installed_msrp] | Rear Outboard Heated Seating | Roof Rack Cross Bars[installed_msrp] | Weather Package
Unknown,JTMEB3FVXRD228792,2024,RAV4 Prime XSE,DealerHold,False,At dealer,51252,Blueprint/Midnight Black Metallic Roof,Black Mixed Media,1390,Jerry Ackerman Toyota,https://www.ackermantoyota.com,False,"50 State Emissions | All-Weather Liner Package[installed_msrp] | Blackout Emblem Overlays[installed_msrp] | Body Side Moldings[installed_msrp] | Door Edge Guards[installed_msrp] | Door Sill Protectors[installed_msrp] | Mudguards[installed_msrp] | Paint Protection Film (Hood, Fenders, Mirror Backs & Door Cups)[installed_msrp] | Running Boards[installed_msrp]"
Unknown,JTMEB3FVXRD229229,2024,RAV4 Prime XSE,,False,At dealer,50724,Wind Chill Pearl/Midnight Black Metallic Roof [extra_cost_color],Black Mixed Media,2160,Star Toyota of Bayside,https://www.startoyota.com,True,50 State Emissions | All-Weather Liner Package[installed_msrp] | Alloy Wheel Locks[installed_msrp] | Door Edge Guards[installed_msrp] | Rear Outboard Heated Seating | Special Color | Weather Package
Unknown,JTMEB3FVXRD231918,2024,RAV4 Prime XSE,,False,Factory to port,50728,Wind Chill Pearl/Midnight Black Metallic Roof [extra_cost_color],Black Mixed Media,1475,Toyota of Merrillville,https://www.toyotaofmerrillville.com,True,50 State Emissions | All-Weather Liner Package[installed_msrp] | Door Edge Guards[installed_msrp] | Rear Bumper Applique[installed_msrp] | Rear Outboard Heated Seating | Special Color | Weather Package
